p_p64_p64,p_p37_p37_1,p_p37_p37_2,p_p37_p37_3,p_p37_p37_4,p_p37_p37_5,p_p37_p37_6,p_p37_p37_7,p_p37_p37_8,p_p37_p37_9,p_p37_p37_10,p_p37_p37_11,p_p37_p37_12,p_p37_p37_13,fexp
3,1,0,0,0,0,0,1,0,0,0,0,0,1,15.6259542
3,0,0,1,0,1,1,0,0,0,0,0,0,0,15.6259542
2,0,0,1,0,0,0,0,0,0,0,0,1,0,15.6259542
2,1,0,0,0,0,0,0,1,0,1,0,0,0,15.6259542
2,0,0,0,0,0,0,0,1,1,1,0,0,0,15.6259542
2,0,1,0,1,0,1,0,0,0,0,0,0,0,15.6259542
2,0,0,1,1,1,0,0,0,0,0,0,0,0,15.6259542
1,0,0,1,0,1,1,0,0,0,0,0,0,0,15.6259542
3,0,1,0,0,1,0,0,1,0,0,0,0,0,15.6259542
3,0,1,0,0,0,0,0,0,0,0,0,1,0,15.6259542
2,0,1,0,0,0,0,0,0,0,0,0,0,0,15.6259542
3,0,0,0,1,1,0,0,1,0,0,0,0,0,15.6259542
3,0,0,0,0,1,1,0,1,0,0,0,0,0,15.6259542
1,0,1,1,0,0,0,0,0,1,0,0,0,0,15.6259542
2,0,0,0,0,1,0,0,0,0,0,1,0,0,15.6259542
2,0,1,0,1,0,0,1,0,0,0,0,0,0,15.6259542
2,1,0,0,0,0,1,0,0,1,0,0,0,0,15.6259542
2,0,0,0,0,0,0,0,1,1,0,1,0,0,15.6259542
3,0,1,1,0,0,0,0,0,1,0,0,0,0,15.6259542
3,0,1,1,1,0,0,0,0,0,0,0,0,0,15.6259542
2,0,1,1,0,0,0,0,0,0,0,0,0,0,6.687943262
3,0,1,0,0,0,0,1,0,0,1,0,0,0,6.687943262
3,0,0,1,0,0,1,0,0,0,0,0,0,0,6.687943262
2,0,0,0,1,0,0,1,0,0,0,0,1,0,6.687943262
3,0,0,1,0,1,0,0,0,1,0,0,0,0,6.687943262
2,0,0,0,0,1,1,0,1,0,0,0,0,0,6.687943262
3,0,1,0,0,1,0,0,0,0,0,0,1,0,6.687943262
2,0,1,0,0,1,0,0,0,0,0,0,0,0,15.6259542
2,0,0,1,0,0,1,0,0,0,0,0,0,0,6.687943262
3,1,0,0,1,0,0,1,0,0,0,0,0,0,6.687943262
2,0,0,0,0,1,0,0,1,1,0,0,0,0,6.687943262
2,0,1,0,1,0,0,0,1,0,0,0,0,0,6.687943262
2,0,0,1,0,0,1,0,1,0,0,0,0,0,6.687943262
2,0,0,0,1,0,0,1,0,1,0,0,0,0,6.687943262
3,0,0,1,0,0,0,0,1,0,1,0,0,0,6.687943262
2,0,1,0,0,0,0,1,0,1,0,0,0,0,15.6259542
2,0,1,0,0,1,0,0,0,0,0,1,0,0,6.687943262
2,0,0,1,0,1,1,0,0,0,0,0,0,0,6.687943262
2,1,0,0,0,1,0,0,0,0,1,0,0,0,6.687943262
2,0,1,0,0,1,0,0,1,0,0,0,0,0,6.687943262
2,0,0,1,0,0,1,0,1,0,0,0,0,0,6.687943262
2,1,0,1,0,0,1,0,0,0,0,0,0,0,6.687943262
2,1,0,0,0,0,0,1,0,0,0,0,1,0,6.687943262
2,0,1,1,0,0,0,0,1,0,0,0,0,0,6.687943262
1,0,0,1,1,0,0,1,0,0,0,0,0,0,6.687943262
1,0,1,1,0,0,0,0,0,0,0,0,0,0,6.687943262
2,0,1,0,0,0,1,0,1,0,0,0,0,0,6.687943262
2,0,0,0,0,0,0,1,0,0,0,0,0,0,6.687943262
2,0,0,1,0,1,0,0,0,0,0,0,0,1,6.687943262
2,0,0,0,0,1,0,1,0,0,1,0,0,0,6.687943262
2,0,1,0,0,0,1,0,1,0,0,0,0,0,15.6259542
2,0,1,0,0,1,0,1,0,0,0,0,0,0,3.287037037
3,1,0,0,0,1,0,0,1,0,0,0,0,0,3.287037037
2,1,1,0,0,0,0,0,0,0,0,0,1,0,3.287037037
2,0,1,1,0,0,0,1,0,0,0,0,0,0,3.287037037
3,1,0,0,1,0,0,1,0,0,0,0,0,0,3.287037037
2,0,0,0,0,1,0,0,0,1,0,1,0,0,15.6259542
2,0,0,0,0,1,0,0,0,0,0,0,0,0,3.287037037
2,0,1,1,0,0,0,1,0,0,0,0,0,0,3.287037037
3,0,0,1,1,0,0,0,0,1,0,0,0,0,3.287037037
2,0,0,0,0,0,0,1,1,0,0,0,1,0,3.287037037
2,0,1,0,0,0,0,1,0,1,0,0,0,0,3.287037037
2,0,1,0,0,0,0,1,1,0,0,0,0,0,3.287037037
3,0,1,0,0,0,1,0,0,1,0,0,0,0,15.6259542
2,1,1,0,0,0,1,0,0,0,0,0,0,0,3.287037037
2,0,1,1,0,0,0,1,0,0,0,0,0,0,3.287037037
2,1,0,0,0,1,1,0,0,0,0,0,0,0,3.287037037
2,1,0,1,1,0,0,0,0,0,0,0,0,0,3.287037037
2,0,1,0,0,0,1,1,0,0,0,0,0,0,3.287037037
2,0,1,0,0,0,0,0,1,0,0,0,1,0,3.287037037
2,0,0,0,0,1,0,0,0,1,0,0,0,0,3.287037037
1,0,0,1,1,0,0,0,0,1,0,0,0,0,3.287037037
2,0,1,0,0,1,1,0,0,0,0,0,0,0,3.287037037
2,0,0,1,0,0,1,0,1,0,0,0,0,0,3.287037037
2,0,0,1,0,0,1,0,0,0,0,0,0,0,3.287037037
2,0,0,1,0,0,0,0,1,0,0,1,0,0,3.287037037
1,0,0,1,0,1,0,1,0,0,0,0,0,0,15.6259542
2,0,0,0,1,0,0,1,1,0,0,0,0,0,3.287037037
2,0,1,0,0,0,1,0,1,0,0,0,0,0,3.287037037
2,0,0,0,1,1,0,0,1,0,0,0,0,0,3.287037037
2,1,0,0,0,1,0,0,1,0,0,0,0,0,3.287037037
2,0,1,0,0,0,0,1,0,0,0,0,1,0,3.287037037
3,0,0,1,0,0,1,0,1,0,0,0,0,0,3.287037037
3,1,1,0,0,0,0,0,0,0,0,0,1,0,3.287037037
2,0,1,1,0,0,0,0,1,0,0,0,0,0,3.287037037
1,1,1,0,1,0,0,0,0,0,0,0,0,0,3.287037037
2,0,0,0,0,0,1,1,1,0,0,0,0,0,3.287037037
2,1,1,0,1,0,0,0,0,0,0,0,0,0,3.287037037
2,0,0,0,0,1,0,1,1,0,0,0,0,0,3.287037037
2,0,0,1,1,0,0,0,1,0,0,0,0,0,3.287037037
2,0,1,1,1,0,0,0,0,0,0,0,0,0,3.287037037
2,1,1,0,0,0,0,0,0,0,0,0,1,0,3.287037037
2,0,0,1,0,0,0,1,1,0,0,0,0,0,3.287037037
1,0,0,0,0,1,0,0,1,1,0,0,0,0,3.287037037
2,0,0,1,0,0,0,0,1,0,0,0,0,0,3.287037037
2,0,0,0,1,1,0,0,0,1,0,0,0,0,3.287037037
2,0,1,0,0,0,0,0,1,0,0,1,0,0,3.287037037
2,1,1,1,0,0,0,0,0,0,0,0,0,0,3.287037037
2,0,1,1,0,0,0,0,1,0,0,0,0,0,3.287037037
2,1,0,0,0,0,0,0,0,0,0,0,1,0,3.287037037
2,0,1,1,0,0,0,0,0,0,0,0,0,0,3.287037037
2,0,0,1,0,0,0,0,1,0,0,0,0,0,3.287037037
2,1,1,1,0,0,0,0,0,0,0,0,0,0,3.287037037
2,0,0,1,0,0,1,0,0,0,0,0,0,0,3.287037037
2,0,1,0,0,1,0,1,0,0,0,0,0,0,3.287037037
3,0,0,0,0,0,0,0,1,1,0,0,1,0,3.287037037
2,0,0,1,0,1,0,1,0,0,0,0,0,0,3.287037037
2,1,0,1,0,1,0,0,0,0,0,0,0,0,3.287037037
1,1,0,1,0,0,0,1,0,0,0,0,0,0,3.287037037
2,0,0,1,0,0,0,1,0,0,0,0,0,0,3.287037037
3,0,0,1,0,0,0,0,0,0,0,0,0,0,15.6259542
3,0,1,1,1,0,0,0,0,0,0,0,0,0,3.287037037
2,0,1,1,0,0,0,0,1,0,0,0,0,0,3.287037037
2,0,0,0,1,0,0,1,1,0,0,0,0,0,3.287037037
1,0,1,1,0,1,0,0,0,0,0,0,0,0,3.287037037
2,1,0,0,0,0,0,1,0,0,0,0,0,0,3.287037037
2,0,0,0,0,1,0,1,1,0,0,0,0,0,3.287037037
2,0,1,1,0,1,0,0,0,0,0,0,0,0,3.287037037
3,0,1,1,0,0,0,0,1,0,0,0,0,0,3.287037037
2,0,1,0,1,0,1,0,0,0,0,0,0,0,3.287037037
3,0,0,0,0,1,0,1,0,0,0,0,1,0,418.6834532
2,0,1,0,0,0,0,1,0,0,1,0,0,0,418.6834532
3,0,0,0,0,0,0,0,1,0,1,1,0,0,418.6834532
2,1,1,1,0,0,0,0,0,0,0,0,0,0,418.6834532
2,0,0,1,0,1,0,0,0,0,0,0,0,0,418.6834532
2,0,0,0,0,1,0,0,1,0,0,1,0,0,418.6834532
3,1,0,1,0,0,0,1,0,0,0,0,0,0,418.6834532
2,0,1,0,0,0,0,1,1,0,0,0,0,0,418.6834532
2,1,0,0,0,0,0,1,0,0,0,0,0,0,418.6834532
3,1,0,1,0,0,1,0,0,0,0,0,0,0,418.6834532
3,1,0,0,0,1,0,0,1,0,0,0,0,0,418.6834532
3,0,1,0,0,1,0,1,0,0,0,0,0,0,418.6834532
3,0,1,1,0,1,0,0,0,0,0,0,0,0,418.6834532
2,0,0,0,1,1,0,1,0,0,0,0,0,0,418.6834532
2,0,0,1,0,0,0,0,0,0,0,0,0,0,418.6834532
3,0,0,0,0,0,0,1,0,0,1,0,0,0,418.6834532
2,0,1,0,0,0,0,1,0,0,0,0,1,0,418.6834532
1,0,1,1,0,0,0,0,0,0,0,0,0,0,418.6834532
2,1,1,0,0,1,0,0,0,0,0,0,0,0,418.6834532
2,0,0,0,0,0,0,1,0,1,0,0,0,0,418.6834532
3,0,1,0,0,0,0,0,0,1,0,0,0,0,418.6834532
2,0,1,0,0,0,1,1,0,0,0,0,0,0,418.6834532
2,1,0,0,0,0,0,1,0,0,0,0,0,0,15.6259542
2,0,0,0,0,0,1,0,0,0,0,0,0,0,418.6834532
2,0,0,0,0,0,1,0,1,1,0,0,0,0,418.6834532
2,0,0,1,0,1,0,0,1,0,0,0,0,0,418.6834532
2,0,1,0,0,0,0,1,0,0,0,0,0,0,418.6834532
2,0,1,0,0,0,0,0,0,0,0,0,0,0,418.6834532
2,0,0,0,0,1,0,0,0,1,0,1,0,0,418.6834532
3,0,0,0,1,0,1,0,1,0,0,0,0,0,418.6834532
3,1,0,1,0,0,0,1,0,0,0,0,0,0,418.6834532
3,0,0,0,0,0,1,1,0,0,1,0,0,0,418.6834532
3,0,1,0,0,1,0,1,0,0,0,0,0,0,418.6834532
2,0,0,1,0,0,0,0,0,0,0,0,0,0,418.6834532
3,0,0,0,0,1,1,1,0,0,0,0,0,0,418.6834532
2,1,1,0,0,0,0,0,0,0,1,0,0,0,418.6834532
2,1,1,0,0,0,1,0,0,0,0,0,0,0,418.6834532
2,0,1,1,0,0,0,0,0,0,0,0,1,0,418.6834532
2,1,0,1,0,0,0,1,0,0,0,0,0,0,418.6834532
2,1,0,1,0,1,0,0,0,0,0,0,0,0,418.6834532
2,1,0,1,1,0,0,0,0,0,0,0,0,0,418.6834532
2,0,0,0,0,0,1,0,0,0,0,0,1,0,418.6834532
3,0,1,1,0,0,1,0,0,0,0,0,0,0,418.6834532
2,0,0,0,0,0,0,1,0,0,0,0,0,0,418.6834532
2,1,0,0,1,0,0,0,0,0,0,1,0,0,418.6834532
2,0,1,1,0,0,0,1,0,0,0,0,0,0,418.6834532
2,0,0,1,0,0,1,0,0,0,0,0,0,0,418.6834532
2,0,1,0,0,0,1,0,0,0,0,0,0,0,418.6834532
2,0,1,0,0,0,0,1,1,0,0,0,0,0,418.6834532
2,1,0,0,0,0,1,0,1,0,0,0,0,0,418.6834532
3,0,0,0,0,1,0,0,0,0,1,1,0,0,418.6834532
2,1,0,0,0,1,0,1,0,0,0,0,0,0,15.6259542
3,0,0,0,0,1,0,0,0,1,0,1,0,0,418.6834532
2,0,1,1,0,0,0,0,1,0,0,0,0,0,418.6834532
2,0,0,1,0,0,1,0,0,1,0,0,0,0,418.6834532
2,0,1,0,0,0,0,0,1,0,0,0,0,0,418.6834532
2,0,1,1,0,0,0,0,0,1,0,0,0,0,418.6834532
2,1,0,1,0,1,0,0,0,0,0,0,0,0,418.6834532
2,0,0,0,1,0,1,0,0,0,0,0,0,0,418.6834532
2,0,0,1,0,0,0,1,0,0,0,0,1,0,162.0330579
2,0,0,0,0,0,1,1,1,0,0,0,0,0,162.0330579
2,1,1,0,0,0,0,0,0,0,1,0,0,0,162.0330579
3,1,0,0,0,0,0,1,0,0,1,0,0,0,162.0330579
3,0,0,0,0,0,0,0,0,1,0,0,0,0,162.0330579
2,0,1,0,1,0,0,0,1,0,0,0,0,0,162.0330579
3,1,1,0,0,0,0,0,0,0,1,0,0,0,162.0330579
2,0,0,0,0,1,0,0,0,1,0,1,0,0,162.0330579
3,1,0,0,1,0,0,0,0,0,0,0,0,0,15.6259542
3,0,0,0,1,1,0,1,0,0,0,0,0,0,162.0330579
2,1,0,1,0,0,0,1,0,0,0,0,0,0,162.0330579
2,0,1,0,0,0,0,0,0,0,0,0,0,0,162.0330579
2,0,0,1,1,0,0,0,1,0,0,0,0,0,162.0330579
3,0,0,0,0,0,1,0,0,1,0,0,0,0,162.0330579
2,0,0,0,0,0,1,0,1,0,0,0,1,0,162.0330579
2,0,0,0,0,0,0,0,0,1,0,0,0,0,162.0330579
3,0,0,1,1,1,0,0,0,0,0,0,0,0,162.0330579
2,0,0,0,0,0,1,0,0,0,0,0,0,0,162.0330579
2,0,0,0,0,0,1,0,0,0,1,1,0,0,162.0330579
2,1,1,0,0,0,0,1,0,0,0,0,0,0,162.0330579
3,0,0,0,0,0,0,0,0,0,0,0,0,1,162.0330579
2,0,0,0,0,1,0,0,0,0,0,0,1,0,162.0330579
2,0,1,0,0,1,1,0,0,0,0,0,0,0,162.0330579
2,0,0,1,0,0,0,0,1,1,0,0,0,0,15.6259542
2,1,0,0,0,1,0,0,1,0,0,0,0,0,162.0330579
3,1,0,1,0,0,0,1,0,0,0,0,0,0,162.0330579
3,0,0,1,0,0,0,0,1,0,0,0,1,0,162.0330579
2,1,1,0,0,1,0,0,0,0,0,0,0,0,162.0330579
3,0,0,1,0,0,1,0,1,0,0,0,0,0,162.0330579
3,1,0,0,0,0,0,1,1,0,0,0,0,0,15.6259542
3,0,0,1,1,0,0,0,0,0,1,0,0,0,162.0330579
2,0,0,0,1,1,0,1,0,0,0,0,0,0,162.0330579
2,0,0,0,0,1,0,1,0,0,0,0,1,0,162.0330579
2,0,0,1,0,0,0,0,0,0,0,0,0,0,162.0330579
3,1,1,0,0,0,0,0,0,0,1,0,0,0,162.0330579
2,0,1,0,0,0,1,0,0,0,0,0,0,0,162.0330579
2,0,1,0,0,0,0,0,0,0,1,1,0,0,162.0330579
2,0,0,1,0,1,0,1,0,0,0,0,0,0,162.0330579
3,1,0,0,0,0,1,0,0,0,0,0,1,0,162.0330579
2,1,0,0,0,0,1,0,1,0,0,0,0,0,162.0330579
2,1,0,1,0,0,1,0,0,0,0,0,0,0,162.0330579
2,1,1,0,0,1,0,0,0,0,0,0,0,0,162.0330579
2,1,0,0,1,0,1,0,0,0,0,0,0,0,162.0330579
2,1,0,1,0,0,0,0,0,1,0,0,0,0,15.6259542
2,1,1,1,0,0,0,0,0,0,0,0,0,0,162.0330579
2,0,0,1,0,0,1,0,1,0,0,0,0,0,162.0330579
3,0,0,0,0,0,0,1,0,0,0,0,0,0,162.0330579
2,1,1,0,0,0,0,0,0,0,0,0,1,0,162.0330579
2,0,1,0,1,0,0,0,0,0,1,0,0,0,162.0330579
3,0,0,1,0,0,1,0,0,0,0,0,1,0,162.0330579
2,0,0,1,0,0,1,1,0,0,0,0,0,0,162.0330579
3,0,1,0,0,0,0,0,1,0,1,0,0,0,162.0330579
2,0,1,1,1,0,0,0,0,0,0,0,0,0,162.0330579
1,1,1,0,0,0,1,0,0,0,0,0,0,0,60.89361702
2,0,0,0,0,1,0,0,1,0,0,0,0,0,60.89361702
2,0,1,1,0,0,0,0,1,0,0,0,0,0,60.89361702
2,0,1,0,0,0,1,0,0,0,1,0,0,0,60.89361702
2,0,0,0,0,1,0,0,0,0,0,0,0,0,60.89361702
2,0,1,0,1,1,0,0,0,0,0,0,0,0,60.89361702
3,1,0,0,0,1,0,0,0,0,0,1,0,0,60.89361702
2,0,0,0,0,0,0,1,0,0,1,0,1,0,60.89361702
3,0,0,0,1,0,0,1,0,0,1,0,0,0,60.89361702
3,0,0,0,0,1,0,1,1,0,0,0,0,0,60.89361702
2,0,1,1,0,0,0,0,0,1,0,0,0,0,60.89361702
3,1,1,0,1,0,0,0,0,0,0,0,0,0,60.89361702
3,1,0,1,0,1,0,0,0,0,0,0,0,0,60.89361702
2,0,1,0,0,0,0,0,1,0,0,0,0,0,60.89361702
2,0,0,0,0,0,0,0,1,0,0,0,0,0,60.89361702
2,0,1,0,1,1,0,0,0,0,0,0,0,0,60.89361702
3,0,1,0,0,1,0,0,0,0,0,0,0,0,60.89361702
1,1,1,0,0,0,0,0,0,1,0,0,0,0,60.89361702
2,1,1,1,0,0,0,0,0,0,0,0,0,0,60.89361702
2,0,0,1,1,0,1,0,0,0,0,0,0,0,60.89361702
2,0,0,1,0,1,0,0,0,0,1,0,0,0,60.89361702
2,1,1,0,0,0,0,0,0,0,0,0,0,0,60.89361702
2,1,0,0,0,1,0,0,0,1,0,0,0,0,60.89361702
2,0,1,1,0,0,0,0,0,0,0,1,0,0,60.89361702
2,0,0,1,1,0,0,0,0,1,0,0,0,0,60.89361702
2,0,0,1,0,0,1,0,0,1,0,0,0,0,10.8220339
2,0,0,0,0,0,1,0,0,0,0,0,1,0,60.89361702
2,1,1,0,0,1,0,0,0,0,0,0,0,0,60.89361702
3,1,0,1,0,1,0,0,0,0,0,0,0,0,60.89361702
3,0,0,0,0,1,1,1,0,0,0,0,0,0,10.8220339
2,0,1,0,0,0,0,1,1,0,0,0,0,0,60.89361702
2,1,0,0,0,0,0,0,0,0,0,0,0,0,60.89361702
3,0,0,0,1,0,0,1,1,0,0,0,0,0,60.89361702
2,1,1,0,0,1,0,0,0,0,0,0,0,0,60.89361702
2,0,0,0,1,0,1,0,0,0,0,0,0,0,60.89361702
3,0,0,0,0,0,0,1,1,0,0,0,0,1,60.89361702
2,0,1,1,0,0,0,1,0,0,0,0,0,0,60.89361702
1,0,0,1,0,0,1,1,0,0,0,0,0,0,10.8220339
2,0,0,1,0,0,1,0,0,0,0,0,1,0,60.89361702
2,0,1,0,0,0,0,0,0,0,0,0,0,0,60.89361702
2,1,1,0,0,0,1,0,0,0,0,0,0,0,60.89361702
2,0,0,1,0,0,0,0,1,1,0,0,0,0,60.89361702
2,0,0,1,0,1,0,1,0,0,0,0,0,0,10.8220339
2,0,0,0,0,0,0,1,0,1,0,1,0,0,60.89361702
1,0,1,0,0,1,0,1,0,0,0,0,0,0,60.89361702
3,1,1,0,0,0,1,0,0,0,0,0,0,0,60.89361702
2,0,1,1,1,0,0,0,0,0,0,0,0,0,60.89361702
3,0,0,1,0,0,0,0,0,0,1,0,0,1,60.89361702
2,0,1,0,1,0,1,0,0,0,0,0,0,0,60.89361702
2,1,1,1,0,0,0,0,0,0,0,0,0,0,60.89361702
2,0,0,0,0,0,0,0,0,1,1,0,0,0,10.8220339
3,0,0,1,0,0,0,1,0,0,0,0,0,0,60.89361702
2,0,1,0,0,0,1,0,0,0,0,0,0,0,25.02666667
1,1,0,0,0,0,0,1,0,0,1,0,0,0,25.02666667
2,0,0,1,1,0,0,0,0,1,0,0,0,0,25.02666667
2,0,1,0,0,0,0,1,0,0,0,0,1,0,25.02666667
3,1,0,1,0,0,0,1,0,0,0,0,0,0,25.02666667
2,0,1,0,1,1,0,0,0,0,0,0,0,0,25.02666667
2,1,1,0,0,0,1,0,0,0,0,0,0,0,25.02666667
3,0,1,0,0,0,0,1,0,0,0,1,0,0,10.8220339
1,1,0,0,1,0,1,0,0,0,0,0,0,0,25.02666667
3,1,0,0,0,1,1,0,0,0,0,0,0,0,25.02666667
3,0,1,0,0,0,1,0,0,0,0,0,0,0,25.02666667
2,0,0,1,0,0,0,1,0,0,1,0,0,0,25.02666667
1,0,1,1,0,0,0,0,1,0,0,0,0,0,25.02666667
2,1,1,0,0,1,0,0,0,0,0,0,0,0,25.02666667
2,0,0,0,0,0,0,0,0,1,0,0,0,0,10.8220339
3,0,1,1,0,0,0,1,0,0,0,0,0,0,25.02666667
2,1,1,1,0,0,0,0,0,0,0,0,0,0,25.02666667
2,0,1,1,0,0,1,0,0,0,0,0,0,0,25.02666667
2,1,0,1,0,0,0,0,1,0,0,0,0,0,10.8220339
1,0,0,1,0,1,0,0,1,0,0,0,0,0,25.02666667
3,0,1,0,1,0,0,1,0,0,0,0,0,0,10.8220339
3,0,0,1,0,0,0,0,1,0,0,0,1,0,25.02666667
2,1,0,0,0,1,0,0,0,1,0,0,0,0,25.02666667
1,0,0,0,1,0,1,1,0,0,0,0,0,0,25.02666667
2,0,0,0,0,0,0,0,1,0,0,0,0,0,25.02666667
2,0,0,1,0,0,0,1,1,0,0,0,0,0,25.02666667
2,0,0,0,1,0,0,0,0,1,0,0,0,0,10.8220339
3,0,0,1,0,0,1,0,1,0,0,0,0,0,25.02666667
2,0,0,1,1,0,0,1,0,0,0,0,0,0,25.02666667
2,0,1,1,0,0,0,1,0,0,0,0,0,0,25.02666667
3,1,1,0,0,0,0,1,0,0,0,0,0,0,25.02666667
3,0,0,1,1,1,0,0,0,0,0,0,0,0,25.02666667
3,0,0,1,1,0,1,0,0,0,0,0,0,0,25.02666667
2,0,0,1,0,0,0,1,0,0,0,0,1,0,25.02666667
3,0,0,1,0,0,0,0,1,0,1,0,0,0,25.02666667
2,0,0,1,0,0,1,0,0,0,1,0,0,0,25.02666667
3,1,0,1,0,0,0,1,0,0,0,0,0,0,25.02666667
2,0,0,0,0,1,0,1,0,0,1,0,0,0,70.7421875
3,0,0,1,0,0,0,0,0,0,0,0,0,0,70.7421875
1,0,1,1,0,0,0,1,0,0,0,0,0,0,70.7421875
2,0,1,0,0,0,0,0,0,0,0,0,0,0,70.7421875
2,0,1,0,0,0,1,0,1,0,0,0,0,0,10.8220339
2,0,0,0,0,0,0,1,1,0,0,1,0,0,70.7421875
2,0,0,0,0,1,0,0,1,0,0,0,0,0,70.7421875
2,1,0,0,0,0,1,0,0,0,0,1,0,0,70.7421875
2,0,0,0,1,0,0,1,0,0,0,0,1,0,70.7421875
2,1,1,0,0,0,1,0,0,0,0,0,0,0,70.7421875
3,0,0,0,0,1,0,1,0,0,1,0,0,0,70.7421875
2,1,0,0,1,0,0,1,0,0,0,0,0,0,70.7421875
2,0,0,0,0,0,0,1,0,0,0,0,0,0,70.7421875
2,0,1,0,0,0,1,0,1,0,0,0,0,0,70.7421875
2,0,0,0,0,1,0,0,0,0,1,0,1,0,70.7421875
2,0,0,0,1,0,1,0,0,0,0,0,0,0,70.7421875
2,0,1,1,0,0,0,0,0,0,0,1,0,0,70.7421875
3,1,1,1,0,0,0,0,0,0,0,0,0,0,70.7421875
3,0,1,0,0,1,0,1,0,0,0,0,0,0,70.7421875
2,0,0,1,0,0,0,1,0,0,0,0,1,0,70.7421875
3,0,0,1,0,1,1,0,0,0,0,0,0,0,70.7421875
2,1,0,0,0,1,0,1,0,0,0,0,0,0,70.7421875
3,1,0,0,0,1,0,0,0,0,1,0,0,0,70.7421875
3,0,0,1,0,0,1,0,1,0,0,0,0,0,70.7421875
2,0,1,1,1,0,0,0,0,0,0,0,0,0,70.7421875
3,0,0,1,0,0,1,0,1,0,0,0,0,0,70.7421875
2,1,0,0,1,0,0,0,0,0,0,0,0,0,70.7421875
2,1,0,0,0,0,0,1,0,0,0,0,0,0,70.7421875
2,0,0,0,1,0,1,0,0,1,0,0,0,0,10.8220339
2,1,0,1,0,1,0,0,0,0,0,0,0,0,70.7421875
1,0,1,0,0,1,0,0,1,0,0,0,0,0,70.7421875
3,0,0,1,0,0,1,1,0,0,0,0,0,0,70.7421875
2,1,1,0,1,0,0,0,0,0,0,0,0,0,70.7421875
3,0,1,0,0,0,0,1,0,0,0,0,0,0,70.7421875
2,1,0,0,0,0,0,1,0,0,0,0,0,0,70.7421875
3,0,1,1,1,0,0,0,0,0,0,0,0,0,70.7421875
2,0,0,0,1,0,1,0,0,0,0,0,1,0,70.7421875
2,0,0,1,0,0,1,0,0,0,1,0,0,0,70.7421875
3,1,1,0,0,0,1,0,0,0,0,0,0,0,10.8220339
3,0,1,0,0,0,1,1,0,0,0,0,0,0,70.7421875
2,0,1,0,0,0,0,1,0,0,0,0,0,0,70.7421875
2,1,0,1,0,0,0,1,0,0,0,0,0,0,70.7421875
2,0,0,0,0,1,1,0,0,0,0,1,0,0,10.8220339
3,0,1,0,0,1,0,0,1,0,0,0,0,0,70.7421875
2,0,0,1,1,0,0,0,0,1,0,0,0,0,70.7421875
3,0,1,1,0,0,0,0,0,0,1,0,0,0,70.7421875
2,0,0,0,0,0,0,0,1,0,0,0,0,0,10.8220339
2,0,1,0,1,0,1,0,0,0,0,0,0,0,70.7421875
2,0,0,1,0,1,1,0,0,0,0,0,0,0,70.7421875
2,1,1,0,1,0,0,0,0,0,0,0,0,0,70.7421875
1,1,1,0,0,0,0,0,0,0,0,0,0,0,70.7421875
2,0,0,0,0,1,0,1,0,0,1,0,0,0,70.7421875
2,1,0,1,0,0,0,1,0,0,0,0,0,0,70.7421875
2,0,0,0,0,0,0,1,1,0,0,0,0,0,70.7421875
2,0,0,1,1,0,0,0,1,0,0,0,0,0,70.7421875
3,1,1,0,1,0,0,0,0,0,0,0,0,0,70.7421875
2,0,1,0,0,0,0,0,0,0,0,0,0,0,70.7421875
2,1,0,0,1,0,0,1,0,0,0,0,0,0,10.8220339
2,0,1,1,0,1,0,0,0,0,0,0,0,0,70.7421875
2,0,1,1,0,0,0,0,0,0,0,0,0,0,70.7421875
1,0,1,0,0,1,0,0,0,0,1,0,0,0,10.8220339
3,1,0,0,0,0,0,0,0,1,1,0,0,0,70.7421875
2,0,0,1,0,0,0,0,1,0,0,1,0,0,28.59130435
2,0,0,0,1,1,0,0,1,0,0,0,0,0,28.59130435
2,1,0,1,1,0,0,0,0,0,0,0,0,0,28.59130435
3,1,0,0,0,0,0,0,1,0,1,0,0,0,28.59130435
2,1,1,0,0,1,0,0,0,0,0,0,0,0,28.59130435
1,0,1,0,1,0,0,1,0,0,0,0,0,0,28.59130435
1,0,1,0,0,0,0,1,1,0,0,0,0,0,28.59130435
2,0,0,0,0,1,0,1,0,0,0,0,1,0,28.59130435
3,0,0,0,0,0,0,0,0,0,0,0,0,1,28.59130435
2,1,0,1,0,1,0,0,0,0,0,0,0,0,28.59130435
2,0,1,0,0,1,0,0,1,0,0,0,0,0,10.8220339
2,0,0,0,0,1,0,1,1,0,0,0,0,0,28.59130435
1,0,1,0,0,0,0,1,0,0,1,0,0,0,28.59130435
2,0,1,0,1,0,0,1,0,0,0,0,0,0,28.59130435
2,1,1,0,0,1,0,0,0,0,0,0,0,0,28.59130435
2,1,1,1,0,0,0,0,0,0,0,0,0,0,28.59130435
3,0,1,0,0,1,0,0,1,0,0,0,0,0,10.8220339
3,1,0,1,1,0,0,0,0,0,0,0,0,0,28.59130435
2,0,0,0,0,1,0,1,0,0,0,1,0,0,28.59130435
2,0,1,0,0,1,0,0,0,0,1,0,0,0,28.59130435
2,1,1,1,0,0,0,0,0,0,0,0,0,0,28.59130435
3,1,0,1,0,0,0,1,0,0,0,0,0,0,28.59130435
3,1,0,0,1,0,0,0,0,0,1,0,0,0,28.59130435
2,1,1,0,0,0,0,1,0,0,0,0,0,0,28.59130435
3,0,0,1,0,1,0,0,0,1,0,0,0,0,28.59130435
3,0,1,0,1,0,0,1,0,0,0,0,0,0,28.59130435
2,0,1,0,1,0,0,0,0,1,0,0,0,0,28.59130435
3,0,0,1,1,0,0,0,0,1,0,0,0,0,28.59130435
2,0,0,0,0,0,1,1,0,0,0,0,0,0,28.59130435
2,0,0,0,0,1,0,0,0,1,1,0,0,0,28.59130435
2,0,1,1,1,0,0,0,0,0,0,0,0,0,28.59130435
2,1,0,0,0,0,0,0,1,0,1,0,0,0,28.59130435
3,1,0,1,0,0,0,1,0,0,0,0,0,0,28.59130435
3,0,1,0,0,0,0,0,0,1,1,0,0,0,28.59130435
3,0,0,0,0,0,0,0,0,1,1,0,1,0,28.59130435
2,0,1,0,0,1,0,1,0,0,0,0,0,0,28.59130435
3,0,0,0,0,1,0,0,0,0,1,0,1,0,28.59130435
2,0,1,1,0,0,0,1,0,0,0,0,0,0,28.59130435
2,1,0,1,0,1,0,0,0,0,0,0,0,0,28.59130435
2,0,0,1,0,0,1,0,0,0,0,0,0,0,28.59130435
3,0,0,0,0,0,0,1,1,0,1,0,0,0,28.59130435
2,0,1,0,0,1,0,0,1,0,0,0,0,0,28.59130435
2,1,0,0,0,0,1,0,0,0,0,0,0,0,28.59130435
2,1,0,0,0,0,0,0,0,0,0,0,0,0,10.8220339
2,0,0,1,0,0,0,0,1,0,1,0,0,0,28.59130435
2,1,1,1,0,0,0,0,0,0,0,0,0,0,28.59130435
2,0,1,0,1,1,0,0,0,0,0,0,0,0,28.59130435
2,0,1,0,0,0,0,1,0,1,0,0,0,0,28.59130435
3,0,1,0,0,1,0,1,0,0,0,0,0,0,28.59130435
1,0,0,1,0,1,0,0,0,0,0,0,1,0,28.59130435
2,0,1,0,0,1,0,0,1,0,0,0,0,0,28.59130435
3,1,1,0,0,0,1,0,0,0,0,0,0,0,28.59130435
2,0,0,0,1,0,0,1,0,0,1,0,0,0,28.59130435
2,1,1,1,0,0,0,0,0,0,0,0,0,0,28.59130435
3,0,0,1,0,0,1,1,0,0,0,0,0,0,28.59130435
2,0,1,0,1,0,0,0,0,1,0,0,0,0,28.59130435
2,0,0,1,0,1,0,0,1,0,0,0,0,0,28.59130435
2,0,0,0,1,0,1,0,0,0,0,0,0,0,13.77906977
2,0,0,1,0,1,0,0,1,0,0,0,0,0,13.77906977
2,0,1,0,0,1,0,0,0,0,0,0,1,0,10.8220339
3,1,1,1,0,0,0,0,0,0,0,0,0,0,13.77906977
2,0,1,1,0,1,0,0,0,0,0,0,0,0,13.77906977
2,0,1,0,0,0,0,0,1,0,0,0,0,0,13.77906977
2,0,0,0,0,1,0,0,1,0,0,1,0,0,13.77906977
3,0,0,0,0,0,0,1,1,0,0,0,0,0,13.77906977
2,1,0,0,0,0,0,1,0,0,0,0,1,0,13.77906977
3,0,0,0,0,1,0,0,1,1,0,0,0,0,13.77906977
2,0,1,0,0,0,0,0,0,0,0,0,0,0,13.77906977
2,0,0,1,0,1,0,1,0,0,0,0,0,0,10.8220339
3,0,1,1,1,0,0,0,0,0,0,0,0,0,13.77906977
2,0,0,0,0,1,0,0,0,0,0,0,0,0,13.77906977
2,0,1,1,0,0,0,1,0,0,0,0,0,0,13.77906977
2,0,0,1,0,0,1,0,0,1,0,0,0,0,13.77906977
2,0,0,0,0,0,1,1,1,0,0,0,0,0,13.77906977
2,0,0,1,1,0,1,0,0,0,0,0,0,0,13.77906977
2,0,0,1,0,0,0,1,0,0,1,0,0,0,13.77906977
3,0,1,1,1,0,0,0,0,0,0,0,0,0,13.77906977
2,0,0,0,0,1,0,1,1,0,0,0,0,0,13.77906977
1,0,1,0,0,0,1,0,0,1,0,0,0,0,13.77906977
2,0,1,0,0,0,0,1,1,0,0,0,0,0,13.77906977
3,0,0,1,0,0,0,0,0,0,0,0,0,0,13.77906977
3,0,0,1,0,0,0,1,0,1,0,0,0,0,13.77906977
3,0,1,0,0,1,0,0,1,0,0,0,0,0,10.8220339
3,0,0,0,1,0,1,1,0,0,0,0,0,0,13.77906977
2,0,0,0,1,0,0,0,1,1,0,0,0,0,13.77906977
2,1,1,0,0,0,0,0,1,0,0,0,0,0,13.77906977
1,1,0,1,0,0,0,0,0,0,1,0,0,0,13.77906977
3,0,0,1,1,1,0,0,0,0,0,0,0,0,13.77906977
2,0,0,0,0,1,0,1,1,0,0,0,0,0,13.77906977
2,1,0,1,0,0,0,0,0,0,0,0,0,0,13.77906977
2,0,1,0,0,0,1,0,0,1,0,0,0,0,13.77906977
3,0,1,1,0,0,0,0,1,0,0,0,0,0,13.77906977
2,0,0,0,0,0,0,0,1,1,0,0,0,0,13.77906977
1,0,0,1,0,0,1,1,0,0,0,0,0,0,13.77906977
2,0,1,1,0,0,0,1,0,0,0,0,0,0,13.77906977
2,0,0,1,0,0,0,0,1,0,1,0,0,0,13.77906977
3,1,0,0,0,1,0,0,0,0,0,0,0,0,13.77906977
2,0,0,0,0,0,0,1,0,0,0,0,1,0,6.295774648
3,0,0,1,0,0,0,1,1,0,0,0,0,0,6.295774648
3,1,1,1,0,0,0,0,0,0,0,0,0,0,6.295774648
2,0,0,1,1,0,1,0,0,0,0,0,0,0,6.295774648
2,1,0,0,0,0,1,0,0,0,0,0,0,0,6.295774648
2,0,1,0,0,0,0,1,0,0,0,0,0,0,6.295774648
2,0,1,0,0,0,0,1,0,0,0,0,0,0,6.295774648
2,0,0,1,0,1,0,0,0,1,0,0,0,0,10.8220339
2,0,0,0,0,0,0,0,1,1,0,0,1,0,6.295774648
2,0,0,0,1,0,1,0,1,0,0,0,0,0,6.295774648
3,0,1,0,0,0,0,0,1,0,0,1,0,0,6.295774648
3,1,1,1,0,0,0,0,0,0,0,0,0,0,6.295774648
2,0,1,0,0,0,0,1,0,0,0,0,1,0,6.295774648
3,0,1,1,1,0,0,0,0,0,0,0,0,0,6.295774648
1,0,0,1,0,0,1,0,1,0,0,0,0,0,6.295774648
2,0,1,0,0,0,0,0,1,0,0,0,0,0,6.295774648
2,0,0,1,0,1,1,0,0,0,0,0,0,0,6.295774648
3,0,1,0,0,0,0,1,0,1,0,0,0,0,6.295774648
2,1,0,0,0,1,0,0,0,0,0,0,1,0,6.295774648
3,1,1,0,0,0,0,0,0,0,1,0,0,0,6.295774648
3,1,1,0,0,0,0,0,0,0,1,0,0,0,6.295774648
2,1,0,1,0,0,0,0,0,0,0,0,0,0,10.8220339
2,1,0,1,0,0,0,0,0,0,0,0,1,0,6.295774648
2,0,0,1,0,1,0,0,1,0,0,0,0,0,6.295774648
2,0,0,1,0,1,0,1,0,0,0,0,0,0,6.295774648
2,0,0,0,0,1,0,0,0,1,0,0,0,0,10.8220339
2,0,1,1,0,0,0,0,1,0,0,0,0,0,6.295774648
2,0,0,1,0,0,0,0,0,0,0,1,0,0,6.295774648
2,0,1,1,0,0,0,0,0,0,0,0,1,0,6.295774648
3,0,0,1,0,0,1,0,1,0,0,0,0,0,10.8220339
3,1,1,1,0,0,0,0,0,0,0,0,0,0,6.295774648
1,0,0,1,0,0,0,0,0,0,1,0,1,0,6.295774648
2,1,0,1,0,0,0,0,0,1,0,0,0,0,6.295774648
3,1,0,0,0,1,0,1,0,0,0,0,0,0,10.8220339
2,0,0,1,0,0,1,0,1,0,0,0,0,0,6.295774648
1,0,0,0,0,1,0,1,0,0,0,0,0,0,6.295774648
2,0,1,1,0,0,0,1,0,0,0,0,0,0,6.295774648
2,1,0,1,0,0,0,0,0,0,0,0,0,0,10.8220339
2,0,0,1,1,0,0,1,0,0,0,0,0,0,6.295774648
3,0,1,0,0,1,0,0,0,1,0,0,0,0,6.295774648
2,0,0,0,0,1,0,0,0,1,0,0,0,0,6.295774648
2,0,1,1,0,0,0,0,0,0,0,0,1,0,6.295774648
2,0,0,0,0,0,0,0,0,0,0,0,0,1,272.9212598
2,1,0,0,0,0,0,0,0,0,0,0,1,0,272.9212598
2,0,1,1,0,0,0,1,0,0,0,0,0,0,272.9212598
2,0,1,1,1,0,0,0,0,0,0,0,0,0,272.9212598
2,0,0,0,0,0,1,1,0,0,0,1,0,0,272.9212598
2,0,1,0,0,0,0,0,1,0,0,0,0,0,272.9212598
3,0,0,0,1,1,0,0,1,0,0,0,0,0,272.9212598
3,0,1,0,0,0,1,0,0,1,0,0,0,0,272.9212598
2,1,0,0,0,0,0,1,0,0,0,0,0,0,272.9212598
2,0,0,0,0,0,0,0,0,1,0,1,0,0,272.9212598
2,0,0,0,1,1,0,1,0,0,0,0,0,0,272.9212598
2,0,0,1,0,0,0,0,0,0,0,0,0,0,272.9212598
2,0,0,0,0,0,1,1,0,0,1,0,0,0,272.9212598
2,0,0,1,1,0,0,1,0,0,0,0,0,0,272.9212598
3,0,0,0,0,1,0,1,1,0,0,0,0,0,272.9212598
2,1,1,0,0,0,0,1,0,0,0,0,0,0,272.9212598
2,0,0,0,0,1,0,0,0,0,0,0,0,0,272.9212598
2,0,1,0,0,0,0,1,0,0,0,0,1,0,272.9212598
3,1,0,0,0,0,1,1,0,0,0,0,0,0,272.9212598
2,0,1,0,0,0,0,1,1,0,0,0,0,0,272.9212598
2,0,0,1,0,0,0,0,1,0,0,0,0,0,10.8220339
3,0,0,1,0,0,0,1,0,0,0,0,0,0,272.9212598
2,0,1,1,0,0,1,0,0,0,0,0,0,0,272.9212598
3,0,1,0,0,0,0,0,0,0,1,1,0,0,272.9212598
1,0,0,0,0,0,0,1,0,1,0,0,0,0,272.9212598
3,0,1,0,0,0,1,0,1,0,0,0,0,0,272.9212598
3,0,1,1,0,0,0,0,1,0,0,0,0,0,272.9212598
2,0,1,0,0,0,0,1,0,0,1,0,0,0,272.9212598
1,0,0,1,1,1,0,0,0,0,0,0,0,0,272.9212598
2,0,1,0,0,0,0,0,0,0,1,0,0,0,272.9212598
2,0,1,1,0,1,0,0,0,0,0,0,0,0,272.9212598
2,0,0,0,0,0,0,1,0,0,0,0,0,0,272.9212598
3,0,0,1,1,0,0,1,0,0,0,0,0,0,272.9212598
2,0,1,0,0,0,0,0,0,0,0,1,0,0,272.9212598
2,0,1,0,0,0,0,0,1,0,1,0,0,0,272.9212598
2,0,0,1,0,0,0,1,0,1,0,0,0,0,272.9212598
2,0,0,0,1,0,0,1,0,1,0,0,0,0,272.9212598
2,0,0,1,0,0,0,0,0,0,0,0,0,0,272.9212598
2,0,1,0,0,0,1,0,0,1,0,0,0,0,272.9212598
2,0,0,0,0,1,0,1,0,0,0,0,0,0,272.9212598
3,0,0,1,0,1,0,0,0,1,0,0,0,0,272.9212598
2,0,1,0,0,0,0,1,1,0,0,0,0,0,272.9212598
1,0,1,0,0,0,1,0,1,0,0,0,0,0,272.9212598
3,0,0,1,0,0,0,0,1,0,0,1,0,0,272.9212598
2,0,0,0,0,1,0,1,0,0,0,1,0,0,272.9212598
2,0,1,0,0,0,0,0,0,0,0,0,0,0,272.9212598
2,0,0,0,0,0,0,1,1,0,0,0,0,0,272.9212598
2,0,0,0,0,1,0,1,0,0,0,0,0,0,272.9212598
2,1,1,0,0,0,0,0,0,0,0,0,0,0,272.9212598
3,1,0,0,0,0,0,0,0,0,1,0,1,0,272.9212598
2,1,1,0,0,1,0,0,0,0,0,0,0,0,272.9212598
2,1,1,0,0,0,0,0,0,0,0,0,0,0,272.9212598
2,1,0,0,0,1,0,0,0,0,0,0,0,0,272.9212598
3,0,0,1,0,0,0,1,0,0,0,1,0,0,272.9212598
3,0,1,1,0,0,1,0,0,0,0,0,0,0,272.9212598
2,0,0,0,0,0,0,0,0,1,0,0,1,0,272.9212598
2,0,1,1,0,0,0,0,0,0,0,0,0,0,272.9212598
3,0,0,0,0,0,0,1,1,0,0,1,0,0,272.9212598
2,1,0,1,0,0,1,0,0,0,0,0,0,0,272.9212598
3,1,1,0,0,0,0,1,0,0,0,0,0,0,272.9212598
2,0,0,0,0,0,0,1,0,0,0,0,0,0,272.9212598
3,0,0,0,0,0,0,0,1,0,0,1,0,0,272.9212598
2,1,1,0,0,0,1,0,0,0,0,0,0,0,272.9212598
2,1,0,1,0,1,0,0,0,0,0,0,0,0,272.9212598
2,0,0,1,1,0,0,1,0,0,0,0,0,0,272.9212598
3,0,0,0,1,0,0,1,0,0,0,1,0,0,272.9212598
2,1,0,0,0,0,1,0,0,0,0,0,0,0,272.9212598
2,0,1,0,1,0,0,1,0,0,0,0,0,0,272.9212598
2,1,0,0,0,0,0,1,1,0,0,0,0,0,10.8220339
2,0,1,0,0,1,0,0,0,0,0,0,0,0,272.9212598
2,0,1,0,0,0,0,1,0,0,0,0,0,0,69.8
2,0,0,1,0,0,0,0,1,0,0,1,0,0,69.8
1,0,1,1,0,1,0,0,0,0,0,0,0,0,69.8
2,0,0,0,0,1,0,0,1,0,0,0,0,0,69.8
3,1,0,0,1,0,1,0,0,0,0,0,0,0,69.8
2,0,1,0,1,1,0,0,0,0,0,0,0,0,69.8
2,0,1,0,0,0,1,0,0,0,0,0,0,0,69.8
2,0,1,1,0,0,0,0,0,0,0,0,0,0,69.8
2,0,0,0,1,0,1,0,1,0,0,0,0,0,69.8
2,0,1,0,0,1,0,0,1,0,0,0,0,0,69.8
2,0,0,1,1,0,0,0,1,0,0,0,0,0,69.8
3,0,0,1,1,0,0,1,0,0,0,0,0,0,69.8
3,0,1,1,0,0,1,0,0,0,0,0,0,0,69.8
2,0,1,0,0,0,0,0,1,0,0,0,1,0,69.8
2,1,1,1,0,0,0,0,0,0,0,0,0,0,69.8
2,1,0,0,0,0,1,1,0,0,0,0,0,0,69.8
3,0,1,0,0,0,0,0,0,0,0,0,0,0,69.8
2,0,1,0,0,0,0,0,0,1,0,0,0,0,69.8
3,1,0,1,0,1,0,0,0,0,0,0,0,0,69.8
2,1,0,1,1,0,0,0,0,0,0,0,0,0,69.8
2,0,0,1,0,0,1,0,1,0,0,0,0,0,10.8220339
2,1,0,1,0,0,0,0,1,0,0,0,0,0,69.8
2,0,0,1,0,1,0,1,0,0,0,0,0,0,69.8
2,0,0,0,1,0,0,1,0,0,0,0,0,0,69.8
2,0,1,0,0,0,0,0,1,0,0,0,0,0,69.8
3,0,0,0,0,1,0,0,1,0,0,0,1,0,69.8
3,0,1,0,1,1,0,0,0,0,0,0,0,0,69.8
2,0,0,1,0,0,1,1,0,0,0,0,0,0,69.8
2,0,0,1,0,0,0,1,1,0,0,0,0,0,69.8
2,0,1,0,1,0,1,0,0,0,0,0,0,0,69.8
2,0,0,0,1,1,0,0,0,0,0,1,0,0,69.8
2,0,0,1,0,1,0,0,0,0,0,1,0,0,69.8
2,0,0,1,0,0,0,0,1,0,0,0,0,0,69.8
3,0,0,0,0,0,1,0,1,0,0,0,0,0,69.8
3,0,0,0,1,1,0,0,0,1,0,0,0,0,69.8
3,0,0,1,0,1,0,1,0,0,0,0,0,0,69.8
2,0,0,1,0,0,0,1,0,0,0,0,1,0,10.8220339
2,1,0,0,0,1,0,0,0,0,1,0,0,0,69.8
2,0,1,0,1,0,0,0,1,0,0,0,0,0,69.8
3,0,0,0,1,1,0,0,1,0,0,0,0,0,69.8
3,1,0,0,1,1,0,0,0,0,0,0,0,0,69.8
2,0,0,0,0,1,0,1,0,0,0,0,1,0,69.8
1,0,1,0,1,0,1,0,0,0,0,0,0,0,69.8
2,0,0,0,0,0,1,1,0,1,0,0,0,0,69.8
2,0,0,1,0,0,1,0,1,0,0,0,0,0,69.8
3,0,1,0,0,1,0,0,0,1,0,0,0,0,69.8
2,0,0,0,0,1,0,1,0,1,0,0,0,0,69.8
2,0,0,0,0,1,0,0,0,0,0,0,0,0,69.8
2,0,0,0,0,0,1,1,1,0,0,0,0,0,69.8
2,0,0,0,0,1,0,0,1,1,0,0,0,0,69.8
1,0,0,0,0,1,0,1,0,0,0,0,0,0,69.8
2,0,0,0,0,0,0,0,1,0,0,0,0,0,10.8220339
2,0,0,1,1,0,0,0,1,0,0,0,0,0,69.8
2,0,1,1,0,0,0,0,0,0,1,0,0,0,69.8
3,0,0,0,1,1,0,0,1,0,0,0,0,0,69.8
2,1,0,0,0,0,0,0,0,0,1,0,1,0,69.8
2,0,1,0,0,1,0,0,1,0,0,0,0,0,69.8
2,0,0,1,0,0,1,0,1,0,0,0,0,0,69.8
3,0,0,0,0,0,0,1,1,0,0,0,0,0,69.8
2,0,0,1,0,0,1,0,1,0,0,0,0,0,69.8
2,0,0,0,0,0,1,1,0,0,0,0,1,0,69.8
2,0,0,0,0,0,0,0,1,1,0,1,0,0,10.8220339
2,1,1,0,0,0,0,1,0,0,0,0,0,0,69.8
1,0,0,1,0,0,1,0,0,0,0,0,0,0,69.8
2,1,0,0,1,0,1,0,0,0,0,0,0,0,69.8
3,0,1,1,0,0,0,0,0,0,0,0,0,0,69.8
2,0,0,1,0,1,0,0,0,0,0,0,0,0,69.8
3,1,0,0,0,1,0,0,1,0,0,0,0,0,69.8
2,0,1,0,0,0,0,1,0,1,0,0,0,0,69.8
2,1,0,0,0,0,0,0,0,0,1,0,1,0,69.8
2,0,1,1,0,0,0,0,1,0,0,0,0,0,69.8
3,1,0,0,0,1,0,0,1,0,0,0,0,0,69.8
2,0,0,1,0,1,0,0,1,0,0,0,0,0,69.8
3,0,0,1,0,1,0,0,1,0,0,0,0,0,69.8
3,0,0,1,1,0,0,0,0,1,0,0,0,0,69.8
2,0,0,1,0,1,0,0,1,0,0,0,0,0,69.8
2,0,0,0,0,1,0,0,0,0,0,0,0,0,69.8
1,0,1,1,1,0,0,0,0,0,0,0,0,0,69.8
3,0,0,1,1,1,0,0,0,0,0,0,0,0,19.15178571
2,0,1,1,0,0,1,0,0,0,0,0,0,0,19.15178571
2,0,0,0,0,0,1,1,0,0,0,1,0,0,19.15178571
3,1,0,1,0,0,1,0,0,0,0,0,0,0,19.15178571
2,0,0,1,0,0,0,1,1,0,0,0,0,0,10.8220339
3,0,0,0,0,0,0,1,1,1,0,0,0,0,19.15178571
3,0,0,1,0,0,0,0,0,1,0,0,1,0,19.15178571
2,0,1,0,0,0,1,1,0,0,0,0,0,0,19.15178571
3,1,1,0,0,1,0,0,0,0,0,0,0,0,10.8220339
2,1,1,0,0,1,0,0,0,0,0,0,0,0,19.15178571
3,0,0,0,0,0,0,1,0,0,0,0,0,0,19.15178571
3,0,0,0,0,0,0,0,0,0,0,0,1,0,19.15178571
2,0,0,0,0,0,1,0,0,0,0,0,0,0,19.15178571
2,0,1,1,0,1,0,0,0,0,0,0,0,0,19.15178571
2,1,1,0,0,0,0,1,0,0,0,0,0,0,19.15178571
2,0,0,0,1,0,0,1,1,0,0,0,0,0,19.15178571
2,0,1,1,0,0,0,0,1,0,0,0,0,0,19.15178571
2,0,1,0,0,0,0,0,0,0,0,0,0,0,10.8220339
3,0,0,1,1,1,0,0,0,0,0,0,0,0,19.15178571
3,0,0,1,0,0,1,0,1,0,0,0,0,0,19.15178571
3,0,0,1,0,0,0,0,1,1,0,0,0,0,19.15178571
2,1,1,1,0,0,0,0,0,0,0,0,0,0,19.15178571
2,1,0,0,0,0,0,0,0,0,0,0,0,1,10.8220339
3,1,0,0,0,0,0,0,0,0,0,0,1,0,19.15178571
3,0,0,1,0,0,0,0,1,0,0,0,0,0,19.15178571
2,1,1,0,0,0,1,0,0,0,0,0,0,0,19.15178571
3,0,1,0,0,0,0,1,0,1,0,0,0,0,19.15178571
2,0,0,1,0,0,0,1,0,0,0,0,1,0,19.15178571
1,0,0,0,0,1,1,1,0,0,0,0,0,0,19.15178571
2,0,0,1,0,1,0,0,1,0,0,0,0,0,19.15178571
3,0,1,0,0,0,0,1,0,0,0,0,1,0,19.15178571
2,0,1,0,1,0,0,0,0,0,0,0,0,0,19.15178571
2,0,1,0,0,0,0,0,1,0,0,0,1,0,19.15178571
2,0,0,1,0,0,0,1,0,1,0,0,0,0,19.15178571
3,0,0,1,1,0,0,1,0,0,0,0,0,0,19.15178571
2,0,0,1,0,0,0,1,0,0,0,0,0,0,19.15178571
2,0,0,1,1,1,0,0,0,0,0,0,0,0,19.15178571
2,0,0,1,0,0,1,0,0,0,0,0,0,0,19.15178571
2,0,1,0,1,0,0,0,1,0,0,0,0,0,19.15178571
2,1,1,0,0,0,0,0,1,0,0,0,0,0,19.15178571
2,0,0,1,0,1,0,0,0,1,0,0,0,0,10.8220339
2,1,0,0,0,1,0,0,1,0,0,0,0,0,19.15178571
2,1,0,1,0,0,0,1,0,0,0,0,0,0,19.15178571
2,0,1,1,0,1,0,0,0,0,0,0,0,0,19.15178571
3,0,1,0,0,1,0,0,1,0,0,0,0,0,19.15178571
2,0,0,1,0,1,0,1,0,0,0,0,0,0,19.15178571
3,0,0,1,0,0,0,1,0,1,0,0,0,0,19.15178571
1,0,0,1,1,0,1,0,0,0,0,0,0,0,19.15178571
3,0,0,0,0,0,1,1,1,0,0,0,0,0,19.15178571
3,0,0,1,1,0,0,0,1,0,0,0,0,0,19.15178571
2,0,0,0,0,1,1,0,0,1,0,0,0,0,19.15178571
2,0,0,0,0,0,0,1,0,1,0,0,0,0,19.15178571
3,0,0,0,0,0,1,1,1,0,0,0,0,0,19.15178571
2,0,0,0,0,1,0,1,0,0,0,1,0,0,19.15178571
2,0,0,1,1,0,0,0,0,0,0,0,1,0,10.8220339
3,0,0,1,0,0,0,1,0,1,0,0,0,0,19.15178571
1,1,1,0,1,0,0,0,0,0,0,0,0,0,19.15178571
2,0,1,0,0,1,0,1,0,0,0,0,0,0,19.15178571
2,0,0,0,1,0,0,0,1,0,0,1,0,0,19.15178571
3,0,0,0,0,0,1,0,0,1,1,0,0,0,19.15178571
2,0,1,0,0,0,0,0,0,0,0,0,0,0,19.15178571
3,0,0,0,0,0,1,1,1,0,0,0,0,0,19.15178571
3,0,1,0,0,0,0,0,0,0,0,1,1,0,19.15178571
3,0,0,0,0,0,0,1,1,0,0,0,1,0,19.15178571
3,0,0,1,1,0,0,0,1,0,0,0,0,0,19.15178571
3,0,0,1,0,0,0,1,0,1,0,0,0,0,10.8220339
2,1,0,0,0,0,1,1,0,0,0,0,0,0,8.481012658
2,0,0,1,1,0,1,0,0,0,0,0,0,0,8.481012658
3,1,0,0,1,0,1,0,0,0,0,0,0,0,8.481012658
2,1,0,0,0,0,0,0,0,0,0,0,0,0,8.481012658
3,1,0,0,0,0,1,0,0,1,0,0,0,0,8.481012658
1,1,0,0,0,1,0,0,0,0,0,0,0,0,8.481012658
2,1,0,1,0,0,1,0,0,0,0,0,0,0,8.481012658
1,0,1,0,1,0,1,0,0,0,0,0,0,0,8.481012658
2,0,1,1,0,0,0,0,0,0,0,0,1,0,8.481012658
2,0,0,1,0,1,0,1,0,0,0,0,0,0,10.8220339
2,0,0,1,0,0,1,1,0,0,0,0,0,0,8.481012658
3,0,1,0,0,0,0,0,1,0,0,0,1,0,8.481012658
2,0,1,1,0,1,0,0,0,0,0,0,0,0,8.481012658
2,0,0,0,1,0,0,0,1,0,1,0,0,0,8.481012658
3,1,0,0,0,0,1,0,1,0,0,0,0,0,8.481012658
1,0,0,1,0,1,0,0,0,0,1,0,0,0,10.8220339
2,1,1,0,1,0,0,0,0,0,0,0,0,0,8.481012658
2,0,1,0,1,0,0,0,1,0,0,0,0,0,8.481012658
2,1,0,0,0,1,1,0,0,0,0,0,0,0,8.481012658
2,1,0,1,0,1,0,0,0,0,0,0,0,0,8.481012658
2,0,0,1,0,0,1,0,0,1,0,0,0,0,8.481012658
1,0,1,1,1,0,0,0,0,0,0,0,0,0,8.481012658
3,0,1,0,0,0,1,0,0,0,0,0,0,0,8.481012658
3,0,0,0,0,0,1,0,0,1,0,1,0,0,8.481012658
1,0,1,0,1,1,0,0,0,0,0,0,0,0,8.481012658
2,0,0,0,0,0,1,0,0,0,0,0,0,0,8.481012658
2,0,0,0,0,1,0,0,1,1,0,0,0,0,8.481012658
2,0,0,0,0,1,0,1,1,0,0,0,0,0,8.481012658
2,1,1,0,0,1,0,0,0,0,0,0,0,0,10.8220339
3,0,0,1,1,0,0,1,0,0,0,0,0,0,8.481012658
2,0,0,0,0,0,1,0,0,0,1,0,1,0,8.481012658
1,0,0,0,0,0,0,1,0,0,0,0,0,0,8.481012658
3,0,0,0,1,0,0,1,1,0,0,0,0,0,8.481012658
2,0,0,1,1,0,1,0,0,0,0,0,0,0,8.481012658
3,0,1,0,1,0,0,0,0,1,0,0,0,0,8.481012658
2,0,1,0,1,0,0,0,0,1,0,0,0,0,8.481012658
1,0,1,1,0,1,0,0,0,0,0,0,0,0,8.481012658
3,0,1,0,0,0,0,0,0,0,0,0,0,0,8.481012658
2,1,0,0,0,0,1,0,0,1,0,0,0,0,8.481012658
2,1,0,0,0,0,0,0,0,0,1,0,1,0,8.481012658
3,0,0,1,0,1,1,0,0,0,0,0,0,0,10.8220339
2,0,0,0,1,0,1,0,1,0,0,0,0,0,8.481012658
3,0,0,0,1,0,0,1,0,0,0,0,1,0,8.481012658
2,0,0,1,0,0,0,0,0,0,1,0,0,0,8.481012658
2,0,1,0,1,0,1,0,0,0,0,0,0,0,8.481012658
2,1,0,0,0,1,1,0,0,0,0,0,0,0,15.6259542
2,0,1,0,0,0,1,0,0,0,0,0,0,0,15.6259542
2,0,0,0,0,0,0,0,1,0,0,1,0,0,15.6259542
2,0,0,0,0,1,0,0,0,0,0,1,1,0,15.6259542
2,1,0,1,0,1,0,0,0,0,0,0,0,0,15.6259542
2,1,0,1,0,0,0,0,0,0,1,0,0,0,15.6259542
2,0,0,0,0,1,1,0,0,0,0,0,0,0,15.6259542
2,1,0,0,0,0,0,0,1,0,0,0,1,0,15.6259542
2,0,0,1,0,0,0,0,0,0,0,0,1,0,15.6259542
3,1,0,0,0,1,0,0,0,0,1,0,0,0,15.6259542
2,0,0,1,0,0,0,1,0,1,0,0,0,0,15.6259542
2,0,0,0,0,1,0,0,0,0,0,0,0,0,15.6259542
2,1,1,0,0,0,0,0,0,1,0,0,0,0,15.6259542
2,0,0,0,0,0,1,0,0,0,1,1,0,0,8.50617284
1,1,0,0,0,1,0,1,0,0,0,0,0,0,15.6259542
2,0,0,1,0,1,0,0,1,0,0,0,0,0,15.6259542
2,0,0,0,1,0,0,1,0,0,1,0,0,0,15.6259542
3,0,0,0,1,1,1,0,0,0,0,0,0,0,15.6259542
2,1,0,0,0,0,1,1,0,0,0,0,0,0,15.6259542
3,0,1,0,0,0,0,0,1,1,0,0,0,0,15.6259542
2,0,1,0,0,0,1,1,0,0,0,0,0,0,15.6259542
3,1,1,0,0,0,0,0,0,1,0,0,0,0,15.6259542
2,1,0,0,0,1,0,1,0,0,0,0,0,0,15.6259542
2,0,1,1,0,0,0,0,0,1,0,0,0,0,15.6259542
3,1,1,0,0,0,0,0,0,1,0,0,0,0,15.6259542
2,1,1,1,0,0,0,0,0,0,0,0,0,0,15.6259542
3,1,0,0,0,0,0,1,0,0,0,0,1,0,15.6259542
3,0,0,0,1,0,1,1,0,0,0,0,0,0,15.6259542
2,1,1,0,0,0,1,0,0,0,0,0,0,0,15.6259542
2,1,0,1,1,0,0,0,0,0,0,0,0,0,15.6259542
2,0,0,1,1,0,1,0,0,0,0,0,0,0,8.50617284
3,0,0,0,0,1,0,1,0,0,0,0,0,0,15.6259542
2,0,1,0,0,0,1,1,0,0,0,0,0,0,15.6259542
2,0,0,1,0,1,0,0,0,0,0,0,0,0,15.6259542
3,0,0,0,0,0,0,0,1,1,0,1,0,0,15.6259542
3,0,1,0,0,0,0,1,0,0,0,0,0,0,15.6259542
3,0,0,0,0,1,0,0,0,0,0,0,0,0,15.6259542
2,0,1,0,0,0,0,1,0,0,0,0,0,0,15.6259542
2,0,0,1,0,0,0,0,0,0,0,0,0,0,15.6259542
3,0,0,0,0,0,0,1,0,0,0,0,0,0,15.6259542
2,0,0,0,0,0,0,1,0,1,0,0,1,0,15.6259542
2,0,0,1,1,0,0,1,0,0,0,0,0,0,8.50617284
2,0,0,0,0,0,1,0,0,0,0,0,0,0,15.6259542
3,0,0,1,0,0,0,1,1,0,0,0,0,0,15.6259542
2,0,0,0,0,0,0,0,0,1,0,1,1,0,15.6259542
1,0,1,0,1,1,0,0,0,0,0,0,0,0,8.50617284
2,0,0,1,0,0,1,0,1,0,0,0,0,0,10.8220339
3,0,0,0,0,0,1,0,1,0,0,1,0,0,10.8220339
2,0,0,0,0,0,0,0,0,1,0,0,0,0,10.8220339
2,0,0,1,0,1,0,0,1,0,0,0,0,0,10.8220339
2,0,1,1,0,0,0,0,0,0,0,0,0,0,10.8220339
3,0,0,0,0,0,1,1,0,1,0,0,0,0,10.8220339
3,0,0,1,0,1,0,0,0,0,0,1,0,0,10.8220339
2,0,1,0,1,0,0,1,0,0,0,0,0,0,10.8220339
3,0,1,0,0,0,0,0,1,1,0,0,0,0,10.8220339
2,0,0,0,0,1,0,0,0,1,0,0,0,0,10.8220339
1,1,1,0,0,0,1,0,0,0,0,0,0,0,10.8220339
2,0,1,1,0,1,0,0,0,0,0,0,0,0,10.8220339
3,0,1,0,0,1,0,0,1,0,0,0,0,0,10.8220339
2,0,1,0,1,0,0,0,0,0,0,0,0,0,10.8220339
3,1,0,0,0,1,0,0,1,0,0,0,0,0,10.8220339
2,1,0,0,0,0,0,0,0,0,0,0,1,0,10.8220339
3,0,1,0,0,1,0,0,0,0,0,1,0,0,10.8220339
2,0,0,0,1,0,0,0,1,0,0,0,0,0,10.8220339
3,0,0,1,0,0,0,0,1,0,0,1,0,0,10.8220339
2,0,1,1,0,0,1,0,0,0,0,0,0,0,10.8220339
2,1,1,0,0,0,0,1,0,0,0,0,0,0,10.8220339
1,1,1,0,1,0,0,0,0,0,0,0,0,0,10.8220339
2,0,1,0,0,0,0,0,0,0,1,0,0,0,10.8220339
3,0,1,1,1,0,0,0,0,0,0,0,0,0,10.8220339
3,1,0,0,0,1,0,1,0,0,0,0,0,0,10.8220339
3,0,1,0,1,0,0,0,1,0,0,0,0,0,10.8220339
3,0,1,0,0,0,0,0,0,0,0,0,0,1,10.8220339
2,0,1,0,0,1,0,1,0,0,0,0,0,0,10.8220339
1,0,0,0,0,1,0,1,0,0,0,0,0,0,10.8220339
2,1,0,1,0,0,0,0,0,0,1,0,0,0,10.8220339
2,0,1,0,0,0,0,1,0,0,0,0,0,0,10.8220339
3,0,0,1,0,0,0,1,0,0,0,0,0,0,10.8220339
2,0,0,1,0,0,0,0,0,1,0,1,0,0,10.8220339
3,0,1,0,0,0,1,0,1,0,0,0,0,0,10.8220339
2,1,0,1,0,0,0,0,1,0,0,0,0,0,10.8220339
2,0,1,0,0,0,0,1,1,0,0,0,0,0,10.8220339
2,0,0,1,0,0,0,1,0,1,0,0,0,0,8.50617284
2,0,0,0,0,0,0,0,0,0,0,1,0,0,10.8220339
3,0,0,0,0,0,0,0,1,0,0,0,0,0,10.8220339
3,1,1,0,0,0,1,0,0,0,0,0,0,0,10.8220339
3,0,1,0,0,0,0,1,0,0,1,0,0,0,10.8220339
2,0,0,0,0,1,1,0,0,1,0,0,0,0,8.50617284
3,1,0,0,1,0,0,1,0,0,0,0,0,0,8.50617284
2,0,0,0,0,0,0,0,1,0,0,0,0,0,8.50617284
3,0,0,1,1,0,1,0,0,0,0,0,0,0,8.50617284
2,0,0,0,0,0,0,0,1,0,0,1,1,0,8.50617284
2,1,0,0,0,0,0,0,0,0,0,0,0,0,8.50617284
3,1,0,0,0,0,1,0,0,0,1,0,0,0,8.50617284
2,1,0,1,0,1,0,0,0,0,0,0,0,0,8.50617284
3,0,1,0,0,0,0,1,0,0,1,0,0,0,8.50617284
2,0,1,0,0,0,0,0,1,0,0,1,0,0,8.50617284
2,0,0,0,0,0,1,0,0,1,0,0,0,0,8.50617284
3,0,0,0,0,0,0,0,0,1,0,0,0,0,8.50617284
2,1,0,0,0,0,1,0,1,0,0,0,0,0,8.50617284
2,0,0,1,0,0,1,0,0,0,0,0,0,0,8.50617284
2,0,0,1,0,0,0,0,1,0,1,0,0,0,8.50617284
2,1,0,0,0,1,0,0,1,0,0,0,0,0,8.50617284
3,0,0,1,0,0,0,0,0,0,0,0,0,0,8.50617284
3,1,0,1,0,0,0,1,0,0,0,0,0,0,8.50617284
2,0,0,0,0,0,1,1,0,1,0,0,0,0,8.50617284
3,0,0,1,0,1,0,0,1,0,0,0,0,0,8.50617284
2,0,1,0,0,0,0,1,0,1,0,0,0,0,8.50617284
2,0,1,1,0,0,1,0,0,0,0,0,0,0,8.50617284
3,1,0,0,0,0,0,0,0,0,0,0,0,0,8.50617284
3,0,0,1,0,0,0,0,1,1,0,0,0,0,8.50617284
2,0,1,0,0,0,1,1,0,0,0,0,0,0,8.50617284
3,1,0,0,1,0,0,1,0,0,0,0,0,0,8.50617284
2,1,0,0,0,0,1,0,0,0,1,0,0,0,8.50617284
2,0,0,1,0,0,0,0,0,0,0,0,0,0,8.50617284
3,1,0,0,0,1,0,0,0,0,1,0,0,0,8.50617284
3,1,1,1,0,0,0,0,0,0,0,0,0,0,8.50617284
2,0,1,1,1,0,0,0,0,0,0,0,0,0,8.50617284
2,1,0,1,0,1,0,0,0,0,0,0,0,0,8.50617284
3,0,1,1,0,0,0,0,1,0,0,0,0,0,8.50617284
2,0,1,0,0,0,0,0,0,0,0,0,0,0,8.50617284
2,1,1,0,0,1,0,0,0,0,0,0,0,0,8.50617284
1,1,0,0,0,0,0,1,0,0,0,1,0,0,8.50617284
2,1,0,0,1,0,0,1,0,0,0,0,0,0,8.50617284
2,0,0,0,0,0,1,1,0,1,0,0,0,0,8.50617284
2,0,0,1,0,0,0,0,0,0,0,0,0,0,8.50617284
1,0,0,1,0,1,0,1,0,0,0,0,0,0,8.50617284
3,0,1,1,1,0,0,0,0,0,0,0,0,0,8.50617284
2,1,1,0,0,0,1,0,0,0,0,0,0,0,8.50617284
3,1,0,0,0,1,0,1,0,0,0,0,0,0,8.50617284
3,0,1,1,0,0,1,0,0,0,0,0,0,0,8.50617284
2,1,1,0,0,0,0,1,0,0,0,0,0,0,4.094594595
3,1,0,1,0,0,1,0,0,0,0,0,0,0,4.094594595
3,0,0,1,1,1,0,0,0,0,0,0,0,0,4.094594595
3,0,1,0,1,0,0,0,1,0,0,0,0,0,4.094594595
2,0,1,1,0,0,0,1,0,0,0,0,0,0,4.094594595
3,1,1,0,1,0,0,0,0,0,0,0,0,0,4.094594595
2,1,1,1,0,0,0,0,0,0,0,0,0,0,4.094594595
2,0,0,1,0,1,0,0,1,0,0,0,0,0,4.094594595
3,0,1,0,0,0,0,0,1,0,0,0,0,0,4.094594595
3,0,0,0,1,0,0,0,0,1,1,0,0,0,4.094594595
2,0,0,1,0,1,0,0,0,1,0,0,0,0,4.094594595
2,0,0,0,0,1,0,1,1,0,0,0,0,0,8.50617284
2,0,0,1,1,0,0,1,0,0,0,0,0,0,4.094594595
2,1,0,0,0,1,0,1,0,0,0,0,0,0,4.094594595
2,1,0,0,0,0,0,1,0,0,0,0,0,0,4.094594595
2,0,0,1,0,0,1,1,0,0,0,0,0,0,8.50617284
2,0,0,0,0,0,1,0,0,1,0,0,0,0,4.094594595
3,1,0,0,0,1,0,0,0,0,0,0,0,0,4.094594595
2,1,1,0,1,0,0,0,0,0,0,0,0,0,4.094594595
3,0,0,0,1,0,0,0,1,1,0,0,0,0,4.094594595
3,0,0,0,0,0,0,1,0,0,1,1,0,0,4.094594595
2,0,0,0,0,1,0,0,0,0,0,1,0,0,4.094594595
2,1,1,0,0,0,0,1,0,0,0,0,0,0,4.094594595
2,0,0,0,0,0,1,0,0,1,0,0,0,0,4.094594595
3,1,0,0,0,0,1,0,0,0,0,0,1,0,4.094594595
1,1,0,0,1,0,0,1,0,0,0,0,0,0,4.094594595
2,0,0,1,1,0,0,0,1,0,0,0,0,0,4.094594595
3,0,1,0,0,0,0,1,0,0,1,0,0,0,4.094594595
1,0,0,1,0,1,0,1,0,0,0,0,0,0,118.0510949
2,0,1,0,0,1,0,0,0,0,0,1,0,0,118.0510949
2,0,0,0,1,0,0,1,0,0,1,0,0,0,118.0510949
2,0,0,1,0,0,0,0,1,1,0,0,0,0,8.50617284
2,0,0,0,0,1,0,1,0,0,0,0,1,0,118.0510949
2,0,0,0,0,0,1,0,0,0,1,0,0,0,118.0510949
3,0,1,1,1,0,0,0,0,0,0,0,0,0,118.0510949
2,0,0,1,0,0,1,0,1,0,0,0,0,0,118.0510949
3,0,1,1,0,0,0,0,0,0,0,0,0,0,118.0510949
3,0,0,1,0,1,0,0,1,0,0,0,0,0,118.0510949
2,0,0,0,1,0,0,0,0,0,1,0,0,0,118.0510949
2,1,0,0,0,0,0,0,0,0,0,0,0,0,118.0510949
2,1,0,0,1,0,0,0,0,1,0,0,0,0,118.0510949
1,0,0,0,0,1,1,0,1,0,0,0,0,0,118.0510949
2,0,0,1,0,1,0,0,1,0,0,0,0,0,118.0510949
2,1,0,1,1,0,0,0,0,0,0,0,0,0,118.0510949
2,0,1,0,0,1,0,1,0,0,0,0,0,0,118.0510949
2,0,0,0,1,1,0,1,0,0,0,0,0,0,118.0510949
3,1,1,1,0,0,0,0,0,0,0,0,0,0,118.0510949
3,0,0,0,0,1,0,0,0,0,1,1,0,0,118.0510949
2,0,0,0,0,1,0,1,0,1,0,0,0,0,118.0510949
2,0,1,1,0,1,0,0,0,0,0,0,0,0,118.0510949
2,0,0,0,0,1,0,0,0,0,0,0,0,0,118.0510949
2,1,0,0,0,0,0,1,0,0,0,0,0,0,118.0510949
2,0,0,1,0,1,0,0,0,0,0,0,0,0,118.0510949
3,0,0,1,0,1,1,0,0,0,0,0,0,0,118.0510949
1,0,0,1,1,1,0,0,0,0,0,0,0,0,8.50617284
2,0,1,0,0,1,0,0,0,0,0,0,0,0,118.0510949
1,0,1,0,0,0,0,1,1,0,0,0,0,0,118.0510949
2,0,0,0,0,0,0,1,1,1,0,0,0,0,118.0510949
2,0,0,0,1,1,0,1,0,0,0,0,0,0,118.0510949
2,0,0,1,1,1,0,0,0,0,0,0,0,0,118.0510949
3,0,0,1,0,0,1,0,1,0,0,0,0,0,118.0510949
2,0,0,0,0,1,0,1,0,0,0,0,0,0,118.0510949
2,0,1,1,0,0,1,0,0,0,0,0,0,0,118.0510949
2,0,1,1,1,0,0,0,0,0,0,0,0,0,118.0510949
2,1,0,0,0,1,0,0,0,0,0,0,0,0,118.0510949
2,0,0,1,0,1,0,0,0,1,0,0,0,0,118.0510949
2,0,0,0,0,1,0,0,1,0,0,0,0,0,118.0510949
3,0,0,1,0,1,0,1,0,0,0,0,0,0,118.0510949
2,1,0,0,0,0,0,1,0,0,0,0,1,0,118.0510949
3,0,1,1,0,1,0,0,0,0,0,0,0,0,118.0510949
3,0,0,0,0,0,1,1,0,0,0,0,0,0,118.0510949
2,0,0,0,0,1,0,1,0,1,0,0,0,0,118.0510949
3,0,0,0,0,1,0,1,0,1,0,0,0,0,118.0510949
2,0,1,0,0,1,0,0,0,0,1,0,0,0,118.0510949
3,0,1,1,1,0,0,0,0,0,0,0,0,0,118.0510949
3,1,0,0,0,0,0,0,0,0,0,0,1,0,118.0510949
1,1,0,1,0,1,0,0,0,0,0,0,0,0,118.0510949
3,0,1,0,1,0,0,1,0,0,0,0,0,0,118.0510949
2,0,0,0,0,1,1,0,0,0,0,0,0,0,118.0510949
3,1,1,0,0,0,1,0,0,0,0,0,0,0,118.0510949
1,1,1,1,0,0,0,0,0,0,0,0,0,0,118.0510949
2,0,1,0,0,0,0,1,0,0,1,0,0,0,118.0510949
2,0,1,0,0,1,0,1,0,0,0,0,0,0,118.0510949
2,0,1,0,0,0,0,1,0,1,0,0,0,0,118.0510949
2,0,1,0,0,0,0,0,0,1,0,0,0,0,118.0510949
2,0,1,1,0,0,0,0,1,0,0,0,0,0,8.50617284
2,0,1,0,1,0,0,1,0,0,0,0,0,0,118.0510949
2,0,0,1,0,0,0,0,0,1,0,0,0,0,118.0510949
2,0,0,1,1,0,1,0,0,0,0,0,0,0,118.0510949
2,1,1,0,1,0,0,0,0,0,0,0,0,0,118.0510949
2,1,0,1,0,0,0,0,0,0,1,0,0,0,118.0510949
2,0,0,0,1,0,0,1,1,0,0,0,0,0,118.0510949
2,0,0,1,0,1,1,0,0,0,0,0,0,0,118.0510949
2,0,1,0,0,1,0,1,0,0,0,0,0,0,118.0510949
1,0,0,1,0,0,1,0,0,0,0,0,0,0,118.0510949
2,1,0,0,0,0,0,0,1,0,0,0,0,0,118.0510949
2,1,1,0,0,1,0,0,0,0,0,0,0,0,118.0510949
2,0,0,0,0,0,1,0,0,0,1,0,0,0,26.66037736
2,1,0,0,0,0,0,0,1,0,0,1,0,0,26.66037736
2,0,0,1,0,0,1,0,0,0,0,0,0,0,26.66037736
2,0,0,1,0,1,1,0,0,0,0,0,0,0,26.66037736
3,0,0,0,0,0,1,0,0,0,0,0,0,0,26.66037736
3,0,0,0,0,1,0,0,1,0,0,1,0,0,8.50617284
2,0,0,0,0,1,0,1,0,1,0,0,0,0,26.66037736
2,1,1,1,0,0,0,0,0,0,0,0,0,0,26.66037736
2,0,1,0,0,0,0,1,0,0,0,0,0,0,26.66037736
2,0,0,1,0,0,0,0,1,0,1,0,0,0,26.66037736
3,0,1,0,1,0,0,1,0,0,0,0,0,0,26.66037736
3,0,1,0,0,0,0,0,0,0,0,1,1,0,26.66037736
2,0,0,1,0,0,1,0,0,1,0,0,0,0,26.66037736
2,1,0,1,0,1,0,0,0,0,0,0,0,0,26.66037736
3,0,0,0,0,0,1,0,1,1,0,0,0,0,26.66037736
2,0,0,0,0,1,1,0,0,0,0,0,0,0,26.66037736
2,0,1,0,1,0,0,1,0,0,0,0,0,0,26.66037736
2,1,0,1,0,1,0,0,0,0,0,0,0,0,26.66037736
2,0,1,0,0,0,0,0,1,0,0,1,0,0,26.66037736
3,0,0,0,1,0,0,0,1,0,0,0,0,0,26.66037736
2,0,0,1,0,0,0,0,1,0,0,1,0,0,26.66037736
2,1,1,1,0,0,0,0,0,0,0,0,0,0,26.66037736
2,1,1,0,0,0,0,0,1,0,0,0,0,0,26.66037736
1,0,0,0,1,1,0,0,1,0,0,0,0,0,26.66037736
2,1,1,1,0,0,0,0,0,0,0,0,0,0,26.66037736
2,0,0,0,0,0,0,0,0,1,1,0,0,0,26.66037736
2,0,1,1,0,0,1,0,0,0,0,0,0,0,26.66037736
2,1,1,0,0,0,0,1,0,0,0,0,0,0,26.66037736
3,1,0,1,1,0,0,0,0,0,0,0,0,0,26.66037736
3,0,1,1,0,1,0,0,0,0,0,0,0,0,26.66037736
3,0,0,1,0,0,0,1,0,1,0,0,0,0,26.66037736
2,0,0,1,0,0,1,0,1,0,0,0,0,0,8.50617284
2,0,0,0,0,0,1,0,1,0,0,0,0,0,26.66037736
2,1,0,1,0,1,0,0,0,0,0,0,0,0,26.66037736
2,0,1,0,1,0,0,1,0,0,0,0,0,0,26.66037736
1,0,0,1,0,0,0,0,0,0,0,0,1,0,26.66037736
2,0,0,0,0,1,0,1,0,0,0,0,1,0,26.66037736
3,0,1,0,0,0,0,1,0,0,0,0,1,0,26.66037736
2,0,0,1,0,0,1,0,0,0,0,0,0,0,26.66037736
2,1,0,0,0,0,0,0,0,1,0,0,1,0,26.66037736
3,0,0,0,1,1,0,1,0,0,0,0,0,0,26.66037736
2,0,0,0,0,0,0,1,1,0,0,0,0,1,26.66037736
2,0,1,0,0,0,1,0,0,1,0,0,0,0,26.66037736
2,0,1,0,0,1,0,0,0,1,0,0,0,0,26.66037736
2,0,0,1,0,1,0,0,1,0,0,0,0,0,26.66037736
2,1,1,0,0,0,1,0,0,0,0,0,0,0,26.66037736
3,0,1,0,0,0,1,1,0,0,0,0,0,0,26.66037736
2,0,0,1,0,1,0,0,0,0,0,0,0,0,26.66037736
3,0,0,0,0,0,0,0,1,1,0,0,0,1,26.66037736
2,0,0,1,0,0,0,0,0,0,0,0,0,0,26.66037736
1,0,0,1,0,0,0,1,1,0,0,0,0,0,26.66037736
3,0,0,0,0,0,1,0,0,0,0,0,0,0,26.66037736
3,0,0,0,1,0,0,1,0,0,0,0,0,0,26.66037736
3,0,1,0,0,0,0,0,0,0,0,0,0,0,26.66037736
2,0,0,0,0,1,0,0,0,0,0,0,0,0,26.66037736
3,0,0,1,0,1,0,1,0,0,0,0,0,0,26.66037736
3,1,0,0,0,0,0,1,1,0,0,0,0,0,8.50617284
3,0,0,0,0,1,1,0,0,0,1,0,0,0,26.66037736
2,0,0,1,0,1,0,0,0,0,0,0,0,0,26.66037736
3,1,0,0,0,1,0,0,0,0,1,0,0,0,26.66037736
1,0,1,0,0,0,0,0,1,0,0,1,0,0,26.66037736
2,0,0,1,0,0,0,1,1,0,0,0,0,0,26.66037736
2,0,1,1,0,1,0,0,0,0,0,0,0,0,26.66037736
2,1,1,1,0,0,0,0,0,0,0,0,0,0,26.66037736
2,0,0,0,0,1,0,0,1,0,0,0,1,0,26.66037736
3,0,0,1,0,0,1,0,0,1,0,0,0,0,26.66037736
2,1,0,0,0,1,0,1,0,0,0,0,0,0,26.66037736
2,0,1,0,1,0,1,0,0,0,0,0,0,0,26.66037736
1,0,1,0,0,0,0,1,0,1,0,0,0,0,26.66037736
2,0,0,0,1,0,0,0,0,0,0,0,1,0,26.66037736
2,1,0,0,0,0,1,0,0,0,1,0,0,0,26.66037736
2,1,0,0,0,1,0,0,1,0,0,0,0,0,26.66037736
1,0,1,1,0,1,0,0,0,0,0,0,0,0,26.66037736
3,0,0,0,1,0,0,0,0,1,1,0,0,0,26.66037736
3,0,0,1,0,0,1,0,0,0,0,0,0,0,26.66037736
3,0,1,0,1,1,0,0,0,0,0,0,0,0,26.66037736
2,1,0,0,0,0,0,0,1,1,0,0,0,0,8.50617284
3,0,0,0,0,0,1,0,1,0,0,0,0,0,26.66037736
2,0,1,0,0,0,0,1,1,0,0,0,0,0,6.687943262
2,1,1,1,0,0,0,0,0,0,0,0,0,0,6.687943262
3,1,0,0,0,1,0,0,0,0,1,0,0,0,6.687943262
2,0,0,0,0,0,0,1,0,0,1,0,0,0,6.687943262
2,0,0,1,0,0,0,1,0,0,0,0,0,0,6.687943262
2,0,1,0,1,0,0,0,0,1,0,0,0,0,6.687943262
3,1,0,0,0,0,0,1,1,0,0,0,0,0,6.687943262
3,0,0,1,0,0,1,0,0,1,0,0,0,0,6.687943262
3,0,1,0,1,0,1,0,0,0,0,0,0,0,6.687943262
2,1,0,0,0,0,1,0,1,0,0,0,0,0,6.687943262
3,0,1,0,0,1,0,1,0,0,0,0,0,0,6.687943262
2,0,1,0,0,0,1,1,0,0,0,0,0,0,6.687943262
1,1,0,1,0,0,1,0,0,0,0,0,0,0,6.687943262
2,0,0,0,1,0,1,0,0,1,0,0,0,0,6.687943262
2,1,0,0,0,1,0,0,0,1,0,0,0,0,6.687943262
2,0,0,0,0,0,0,1,0,0,0,0,0,0,6.687943262
2,0,0,1,0,0,0,0,1,1,0,0,0,0,6.687943262
3,0,1,1,0,0,0,0,0,0,0,0,1,0,6.687943262
2,0,1,0,0,0,0,1,0,0,0,0,1,0,6.687943262
2,1,0,0,0,1,0,0,1,0,0,0,0,0,6.687943262
2,1,0,0,0,1,0,1,0,0,0,0,0,0,6.687943262
1,0,0,1,1,0,0,0,1,0,0,0,0,0,6.687943262
2,0,1,0,0,1,0,1,0,0,0,0,0,0,6.687943262
2,0,0,0,0,0,0,0,0,0,0,0,1,0,6.687943262
3,1,1,0,0,0,1,0,0,0,0,0,0,0,6.687943262
2,0,1,0,0,1,0,0,1,0,0,0,0,0,6.687943262
1,0,1,0,0,1,0,0,1,0,0,0,0,0,6.687943262
2,0,1,0,0,0,1,0,1,0,0,0,0,0,6.687943262
2,0,0,1,0,1,0,1,0,0,0,0,0,0,6.687943262
2,0,1,0,0,0,1,0,1,0,0,0,0,0,6.687943262
2,1,0,1,0,0,0,1,0,0,0,0,0,0,6.687943262
2,0,0,1,0,1,0,0,0,1,0,0,0,0,6.687943262
2,0,1,0,1,0,0,1,0,0,0,0,0,0,6.687943262
2,1,0,1,0,0,0,0,0,0,0,0,0,0,6.687943262
2,1,0,0,1,0,0,0,0,0,0,0,0,0,6.687943262
1,0,1,0,0,1,0,0,1,0,0,0,0,0,8.50617284
3,0,1,1,0,0,0,1,0,0,0,0,0,0,6.687943262
1,0,0,1,1,0,0,0,0,0,0,0,0,0,6.687943262
3,1,0,1,0,0,0,0,1,0,0,0,0,0,6.687943262
3,0,1,0,1,0,0,1,0,0,0,0,0,0,6.687943262
2,0,1,0,0,0,0,0,0,0,1,0,1,0,6.687943262
2,1,0,0,0,1,0,0,1,0,0,0,0,0,6.687943262
1,0,0,1,0,0,1,0,1,0,0,0,0,0,6.687943262
2,1,1,0,0,0,1,0,0,0,0,0,0,0,6.687943262
2,1,1,0,0,0,0,0,0,0,0,0,1,0,6.687943262
2,1,0,0,1,0,0,0,0,0,0,0,0,0,6.687943262
3,0,0,1,0,1,0,0,0,0,0,0,0,0,6.687943262
2,0,1,0,0,1,1,0,0,0,0,0,0,0,6.687943262
1,1,0,0,0,1,0,1,0,0,0,0,0,0,6.687943262
2,0,1,0,0,1,0,1,0,0,0,0,0,0,8.50617284
2,0,1,1,0,0,0,0,1,0,0,0,0,0,6.687943262
2,0,0,1,0,0,0,0,0,0,0,0,1,0,6.687943262
3,1,0,0,0,0,1,0,0,1,0,0,0,0,6.687943262
2,0,0,0,1,0,0,1,0,1,0,0,0,0,6.687943262
2,0,1,1,0,0,1,0,0,0,0,0,0,0,8.50617284
3,0,0,0,1,1,0,1,0,0,0,0,0,0,6.687943262
2,0,0,1,1,0,1,0,0,0,0,0,0,0,6.687943262
3,0,1,0,1,1,0,0,0,0,0,0,0,0,6.687943262
3,0,0,0,1,0,0,0,1,0,0,0,0,0,6.687943262
2,0,0,0,1,0,0,0,1,0,1,0,0,0,6.687943262
2,0,0,0,1,0,0,0,0,1,0,0,0,0,6.687943262
2,1,0,0,0,0,1,0,0,0,0,0,1,0,8.50617284
2,1,0,1,0,1,0,0,0,0,0,0,0,0,6.687943262
2,1,1,0,1,0,0,0,0,0,0,0,0,0,6.687943262
2,0,0,0,0,0,0,1,1,0,0,0,1,0,6.687943262
3,1,0,0,0,0,1,0,1,0,0,0,0,0,6.687943262
3,0,0,0,0,1,0,1,0,0,0,0,0,0,6.687943262
1,1,0,1,0,1,0,0,0,0,0,0,0,0,6.687943262
2,1,1,1,0,0,0,0,0,0,0,0,0,0,6.687943262
3,0,0,1,0,1,0,0,1,0,0,0,0,0,6.687943262
2,0,1,0,0,1,1,0,0,0,0,0,0,0,6.687943262
3,0,1,0,1,0,0,1,0,0,0,0,0,0,6.687943262
1,0,0,1,0,0,1,0,0,0,0,0,0,0,6.687943262
3,0,0,1,0,0,0,1,0,0,1,0,0,0,3.287037037
2,0,1,1,0,0,0,0,1,0,0,0,0,0,3.287037037
2,1,1,0,0,1,0,0,0,0,0,0,0,0,3.287037037
3,0,1,1,0,0,1,0,0,0,0,0,0,0,3.287037037
2,0,1,1,0,0,0,0,1,0,0,0,0,0,3.287037037
1,0,1,0,1,0,0,0,1,0,0,0,0,0,3.287037037
2,0,0,0,1,0,0,0,1,0,0,0,1,0,3.287037037
2,0,0,1,0,0,1,0,1,0,0,0,0,0,3.287037037
1,0,0,0,1,0,1,0,0,1,0,0,0,0,3.287037037
3,0,1,0,0,0,1,1,0,0,0,0,0,0,8.50617284
3,0,1,1,0,0,1,0,0,0,0,0,0,0,3.287037037
2,0,1,1,0,0,0,0,0,1,0,0,0,0,8.50617284
2,0,0,1,0,1,0,0,1,0,0,0,0,0,3.287037037
2,1,1,0,0,1,0,0,0,0,0,0,0,0,8.50617284
2,1,0,1,0,0,0,0,0,0,0,0,0,0,3.287037037
1,1,0,0,0,0,1,0,1,0,0,0,0,0,3.287037037
2,1,1,0,1,0,0,0,0,0,0,0,0,0,3.287037037
2,0,1,0,0,0,0,0,0,0,0,0,0,0,3.287037037
2,0,1,0,0,1,0,0,1,0,0,0,0,0,3.287037037
3,0,1,0,0,1,1,0,0,0,0,0,0,0,3.287037037
2,0,1,1,1,0,0,0,0,0,0,0,0,0,3.287037037
2,1,0,0,0,1,0,0,1,0,0,0,0,0,3.287037037
2,0,1,0,0,0,0,1,1,0,0,0,0,0,3.287037037
2,1,1,0,0,0,1,0,0,0,0,0,0,0,3.287037037
3,0,0,1,1,0,0,1,0,0,0,0,0,0,3.287037037
2,1,1,0,0,0,1,0,0,0,0,0,0,0,3.287037037
1,0,0,0,0,0,0,1,1,1,0,0,0,0,3.287037037
3,1,1,0,0,0,0,0,0,0,1,0,0,0,3.287037037
2,0,1,0,1,0,0,1,0,0,0,0,0,0,3.287037037
2,0,1,0,1,0,1,0,0,0,0,0,0,0,3.287037037
1,1,1,1,0,0,0,0,0,0,0,0,0,0,3.287037037
2,0,0,1,0,0,1,0,0,1,0,0,0,0,3.287037037
2,0,1,0,1,0,1,0,0,0,0,0,0,0,3.287037037
2,0,1,1,0,0,0,0,0,1,0,0,0,0,3.287037037
3,0,1,1,0,0,0,1,0,0,0,0,0,0,3.287037037
1,0,0,1,0,1,0,1,0,0,0,0,0,0,3.287037037
2,0,1,1,1,0,0,0,0,0,0,0,0,0,3.287037037
2,1,1,0,0,1,0,0,0,0,0,0,0,0,3.287037037
3,1,0,0,0,1,0,0,1,0,0,0,0,0,3.287037037
2,0,0,0,0,0,0,0,1,1,1,0,0,0,3.287037037
2,0,0,0,1,1,0,1,0,0,0,0,0,0,3.287037037
3,0,1,1,0,0,0,0,1,0,0,0,0,0,3.287037037
2,0,0,0,0,1,0,0,0,0,0,0,1,0,3.287037037
2,0,1,0,1,0,1,0,0,0,0,0,0,0,3.287037037
2,0,0,1,0,1,0,0,1,0,0,0,0,0,3.287037037
1,1,1,0,0,1,0,0,0,0,0,0,0,0,3.287037037
2,0,0,1,0,0,0,0,1,0,1,0,0,0,418.6834532
3,0,1,1,1,0,0,0,0,0,0,0,0,0,418.6834532
2,0,0,1,0,1,0,0,1,0,0,0,0,0,418.6834532
2,1,1,0,0,1,0,0,0,0,0,0,0,0,8.50617284
3,0,0,1,0,0,0,1,0,0,0,0,0,0,418.6834532
3,0,1,0,0,1,0,0,1,0,0,0,0,0,418.6834532
2,0,0,0,0,1,0,0,0,0,1,1,0,0,418.6834532
2,0,0,1,0,0,1,1,0,0,0,0,0,0,418.6834532
2,0,1,1,0,1,0,0,0,0,0,0,0,0,418.6834532
3,0,1,0,0,0,0,1,0,1,0,0,0,0,418.6834532
2,0,0,1,0,0,0,0,0,0,0,0,0,0,418.6834532
2,0,0,1,0,0,0,1,0,0,0,0,0,0,418.6834532
2,1,0,1,0,0,0,0,0,0,0,0,0,0,418.6834532
2,1,1,0,0,0,0,0,0,0,0,0,1,0,418.6834532
2,0,0,1,1,0,0,0,0,0,0,0,1,0,418.6834532
2,0,1,1,0,0,0,0,0,0,1,0,0,0,418.6834532
2,1,0,0,0,0,1,1,0,0,0,0,0,0,8.50617284
3,0,1,0,0,0,0,1,0,0,1,0,0,0,418.6834532
2,0,0,1,0,0,0,0,0,0,0,0,0,0,418.6834532
2,0,0,0,1,0,0,1,0,0,1,0,0,0,418.6834532
2,1,1,0,0,1,0,0,0,0,0,0,0,0,418.6834532
3,0,0,1,1,1,0,0,0,0,0,0,0,0,418.6834532
3,0,0,0,0,0,1,1,0,0,0,0,1,0,418.6834532
2,1,1,0,0,1,0,0,0,0,0,0,0,0,418.6834532
2,0,1,0,0,0,0,1,0,0,0,0,1,0,418.6834532
2,0,1,0,0,0,0,0,0,0,0,0,0,0,418.6834532
2,0,0,1,0,0,1,0,1,0,0,0,0,0,418.6834532
2,0,0,1,0,0,0,0,1,0,0,0,1,0,418.6834532
2,1,0,0,0,1,0,1,0,0,0,0,0,0,418.6834532
2,1,1,1,0,0,0,0,0,0,0,0,0,0,418.6834532
2,1,0,0,1,1,0,0,0,0,0,0,0,0,418.6834532
2,0,1,0,0,0,0,0,1,0,0,0,0,0,418.6834532
2,0,1,0,0,0,0,1,0,1,0,0,0,0,418.6834532
2,0,0,0,0,1,0,0,0,0,0,0,0,0,418.6834532
3,1,0,0,0,1,0,0,0,1,0,0,0,0,418.6834532
2,1,1,0,0,0,0,1,0,0,0,0,0,0,418.6834532
2,1,0,0,0,1,0,1,0,0,0,0,0,0,418.6834532
2,0,0,0,1,0,1,1,0,0,0,0,0,0,8.50617284
3,0,1,0,0,0,1,1,0,0,0,0,0,0,418.6834532
2,0,0,0,0,0,0,1,0,1,0,1,0,0,418.6834532
2,0,1,0,0,0,0,0,0,0,0,0,0,0,418.6834532
3,0,0,1,0,1,0,0,1,0,0,0,0,0,8.50617284
2,0,1,0,0,0,0,1,1,0,0,0,0,0,418.6834532
2,0,1,0,1,0,0,0,0,0,0,0,0,0,418.6834532
2,1,1,0,0,0,0,0,0,0,0,0,1,0,418.6834532
3,1,0,1,0,0,1,0,0,0,0,0,0,0,418.6834532
2,1,1,1,0,0,0,0,0,0,0,0,0,0,418.6834532
3,1,0,0,0,0,0,0,0,0,0,0,1,0,418.6834532
2,1,0,0,0,0,0,0,0,0,0,1,0,0,418.6834532
2,1,0,0,0,0,0,0,0,0,0,0,0,0,418.6834532
2,0,1,0,0,0,1,0,0,0,0,0,0,0,418.6834532
2,0,1,0,0,0,0,0,1,0,1,0,0,0,418.6834532
2,0,0,0,0,0,1,0,0,0,1,0,0,0,418.6834532
3,0,0,0,1,1,0,0,0,0,0,0,1,0,162.0330579
2,1,1,0,0,0,0,1,0,0,0,0,0,0,162.0330579
2,1,1,0,0,1,0,0,0,0,0,0,0,0,162.0330579
2,1,1,0,0,0,0,1,0,0,0,0,0,0,162.0330579
2,1,0,0,0,1,0,0,1,0,0,0,0,0,162.0330579
3,1,1,0,0,0,0,0,0,0,0,0,1,0,8.50617284
2,0,0,1,0,0,1,0,0,1,0,0,0,0,162.0330579
3,1,0,0,1,0,0,1,0,0,0,0,0,0,162.0330579
2,1,1,0,0,0,0,0,0,0,0,0,0,0,162.0330579
2,0,0,0,0,0,1,1,0,0,0,0,0,0,162.0330579
2,1,0,1,0,0,0,1,0,0,0,0,0,0,8.50617284
2,0,0,0,0,0,1,0,1,0,0,1,0,0,162.0330579
2,0,1,0,0,1,0,1,0,0,0,0,0,0,162.0330579
3,0,1,1,0,0,1,0,0,0,0,0,0,0,162.0330579
2,0,0,0,0,1,0,0,0,0,0,0,1,0,162.0330579
2,1,0,0,0,0,0,0,0,0,0,0,0,0,162.0330579
2,0,0,1,0,0,1,1,0,0,0,0,0,0,162.0330579
2,1,0,0,0,0,0,1,0,0,0,0,0,0,162.0330579
2,0,0,0,0,0,0,0,1,0,0,0,1,0,162.0330579
2,0,1,1,0,0,0,0,0,0,0,0,0,0,162.0330579
2,1,0,1,0,1,0,0,0,0,0,0,0,0,162.0330579
3,0,0,0,0,1,0,0,1,0,0,0,0,0,162.0330579
2,1,0,0,0,1,0,0,0,1,0,0,0,0,162.0330579
2,1,0,0,0,0,0,0,0,0,0,0,0,0,162.0330579
2,0,0,1,1,0,0,0,0,0,0,0,1,0,162.0330579
2,0,1,0,0,0,0,1,1,0,0,0,0,0,162.0330579
2,0,0,1,0,0,0,1,0,0,0,0,1,0,8.50617284
2,1,0,0,1,0,1,0,0,0,0,0,0,0,162.0330579
2,1,0,1,0,0,0,0,1,0,0,0,0,0,162.0330579
2,0,0,0,0,1,0,0,0,0,1,0,1,0,162.0330579
3,0,0,1,1,1,0,0,0,0,0,0,0,0,162.0330579
3,0,0,1,1,0,0,0,0,0,0,0,0,0,162.0330579
2,0,0,0,0,0,1,0,0,1,0,0,0,0,162.0330579
2,0,0,1,0,1,0,0,0,1,0,0,0,0,162.0330579
3,0,0,1,0,0,0,1,1,0,0,0,0,0,162.0330579
3,0,1,0,0,0,0,1,0,0,1,0,0,0,8.50617284
3,0,1,0,0,0,0,1,0,0,0,0,1,0,162.0330579
2,1,0,0,0,0,1,0,0,0,0,1,0,0,162.0330579
3,1,1,0,0,0,0,1,0,0,0,0,0,0,162.0330579
2,0,1,1,0,0,0,0,0,0,0,0,0,0,162.0330579
2,0,0,1,0,0,0,0,0,0,0,1,0,0,162.0330579
2,0,0,1,0,1,0,1,0,0,0,0,0,0,162.0330579
2,0,1,0,0,0,0,0,0,0,0,0,0,0,162.0330579
2,0,1,1,0,0,1,0,0,0,0,0,0,0,162.0330579
2,1,1,0,0,0,1,0,0,0,0,0,0,0,162.0330579
3,0,0,1,0,0,0,0,0,0,0,0,0,0,162.0330579
2,1,1,0,0,0,1,0,0,0,0,0,0,0,162.0330579
2,0,1,0,0,0,0,0,0,0,0,0,0,0,162.0330579
3,0,1,0,1,0,0,0,0,0,0,0,0,0,162.0330579
2,0,0,0,0,0,0,0,0,1,1,1,0,0,162.0330579
3,0,0,1,0,0,0,0,0,1,0,0,0,0,162.0330579
2,1,0,1,0,0,0,1,0,0,0,0,0,0,8.50617284
3,1,0,0,0,0,1,0,1,0,0,0,0,0,162.0330579
3,0,0,1,0,0,1,0,1,0,0,0,0,0,60.89361702
3,0,1,0,0,1,0,0,0,0,0,0,0,0,60.89361702
2,0,0,1,1,1,0,0,0,0,0,0,0,0,4.094594595
3,1,1,0,0,0,0,1,0,0,0,0,0,0,60.89361702
2,0,1,0,0,1,0,0,1,0,0,0,0,0,60.89361702
2,1,0,0,0,1,0,0,0,1,0,0,0,0,60.89361702
2,0,1,0,0,0,1,0,0,0,1,0,0,0,60.89361702
3,1,0,0,0,0,0,1,0,0,1,0,0,0,60.89361702
1,1,0,0,0,1,0,0,0,0,1,0,0,0,60.89361702
2,0,1,1,0,0,0,0,1,0,0,0,0,0,4.094594595
2,0,1,1,0,0,1,0,0,0,0,0,0,0,60.89361702
2,0,1,0,0,1,0,1,0,0,0,0,0,0,4.094594595
2,0,0,1,0,0,1,1,0,0,0,0,0,0,60.89361702
2,0,1,0,0,1,0,0,0,1,0,0,0,0,60.89361702
3,0,0,0,0,0,0,1,0,0,0,0,0,0,60.89361702
3,0,0,1,1,0,0,0,0,0,0,0,1,0,60.89361702
2,0,0,0,0,1,1,0,1,0,0,0,0,0,60.89361702
3,0,1,0,0,0,1,0,0,0,1,0,0,0,60.89361702
3,0,1,0,1,0,1,0,0,0,0,0,0,0,60.89361702
3,0,0,0,1,0,0,0,0,1,0,0,0,0,60.89361702
2,0,0,1,1,0,0,0,1,0,0,0,0,0,60.89361702
2,1,0,0,0,0,1,0,0,0,1,0,0,0,60.89361702
3,1,0,1,1,0,0,0,0,0,0,0,0,0,60.89361702
2,0,0,1,0,0,0,1,0,1,0,0,0,0,60.89361702
2,0,1,1,1,0,0,0,0,0,0,0,0,0,4.094594595
3,0,0,1,0,0,0,0,0,0,0,0,0,0,60.89361702
2,0,0,0,0,0,0,1,0,0,0,0,1,0,60.89361702
2,1,0,0,0,0,1,0,0,0,1,0,0,0,60.89361702
3,1,0,1,0,0,0,0,0,0,0,0,1,0,60.89361702
2,1,1,0,0,0,0,1,0,0,0,0,0,0,60.89361702
2,1,1,0,0,0,0,1,0,0,0,0,0,0,60.89361702
3,1,1,0,0,0,0,0,0,1,0,0,0,0,60.89361702
2,0,0,1,0,1,0,0,1,0,0,0,0,0,60.89361702
2,0,1,0,0,0,1,0,0,0,1,0,0,0,60.89361702
3,0,0,1,0,0,0,0,0,0,0,0,0,0,60.89361702
2,1,0,0,0,1,0,1,0,0,0,0,0,0,4.094594595
3,0,1,0,0,0,0,1,0,0,0,0,1,0,60.89361702
2,0,1,1,0,0,0,1,0,0,0,0,0,0,60.89361702
3,0,0,0,0,1,0,0,0,1,0,0,0,0,4.094594595
2,0,0,0,0,0,0,0,1,0,0,0,0,0,4.094594595
2,0,1,0,0,1,0,0,1,0,0,0,0,0,25.02666667
3,1,1,1,0,1,0,0,0,0,0,0,0,0,25.02666667
3,1,1,1,0,0,0,0,0,0,0,0,0,0,25.02666667
2,0,1,0,0,1,0,0,0,0,0,0,0,0,25.02666667
2,0,1,0,1,0,0,0,1,0,0,0,0,0,25.02666667
3,1,0,1,0,0,1,0,0,0,0,0,0,0,4.094594595
3,0,1,0,1,1,0,0,0,0,0,0,0,0,25.02666667
3,0,0,0,0,1,0,0,1,0,0,0,0,0,25.02666667
2,0,1,0,0,0,0,1,0,0,0,0,0,0,25.02666667
3,0,0,1,0,0,0,0,0,0,0,0,0,0,25.02666667
2,1,0,1,0,1,0,0,0,0,0,0,0,0,25.02666667
2,0,0,0,1,0,0,1,0,0,0,0,0,0,4.094594595
2,0,0,1,0,0,0,0,1,1,0,0,0,0,25.02666667
2,0,1,0,0,0,0,1,0,0,0,0,0,0,25.02666667
2,0,0,0,0,0,1,1,0,0,0,0,0,0,25.02666667
2,0,0,1,1,0,0,1,0,0,0,0,0,0,25.02666667
2,1,1,1,0,0,0,0,0,0,0,0,0,0,25.02666667
2,0,1,1,0,0,0,1,0,0,0,0,0,0,25.02666667
2,0,1,0,0,1,0,1,0,0,0,0,0,0,25.02666667
2,0,1,0,0,0,0,0,0,0,0,0,0,0,25.02666667
3,0,0,0,1,0,0,1,1,0,0,0,0,0,25.02666667
2,1,1,1,0,0,0,0,0,0,0,0,0,0,25.02666667
2,1,1,0,0,0,0,0,0,1,0,0,0,0,25.02666667
2,1,0,1,0,0,0,0,0,0,0,0,1,0,25.02666667
3,0,0,1,0,0,0,1,0,0,1,0,0,0,25.02666667
3,0,0,0,0,1,0,0,0,1,0,0,0,0,25.02666667
2,1,1,0,0,0,0,0,0,0,0,0,0,0,25.02666667
2,1,1,0,0,1,0,0,0,0,0,0,0,0,25.02666667
3,0,0,1,0,0,1,0,1,0,0,0,0,0,4.094594595
3,0,1,1,0,1,0,0,0,0,0,0,0,0,25.02666667
3,1,1,0,0,0,0,0,0,0,0,0,1,0,25.02666667
2,0,0,0,1,0,1,0,0,0,1,0,0,0,4.094594595
3,0,1,0,0,0,0,1,1,0,0,0,0,0,25.02666667
1,0,0,1,0,1,0,1,0,0,0,0,0,0,25.02666667
3,0,1,0,1,0,0,0,1,0,0,0,0,0,25.02666667
3,0,0,0,1,0,1,0,1,0,0,0,0,0,4.094594595
3,1,1,1,0,0,0,0,0,0,0,0,0,0,25.02666667
3,1,1,1,0,0,0,0,0,0,0,0,0,0,70.7421875
3,0,0,1,0,0,0,0,0,0,0,0,0,0,70.7421875
2,0,0,0,0,1,1,0,0,0,1,0,0,0,70.7421875
2,0,1,1,0,1,0,0,0,0,0,0,0,0,4.094594595
2,1,1,0,0,0,0,1,0,0,0,0,0,0,70.7421875
2,0,0,0,1,0,0,0,0,0,0,0,1,0,70.7421875
2,1,0,0,0,1,0,0,0,0,0,0,0,0,70.7421875
3,0,0,0,0,1,0,0,0,0,0,0,0,0,70.7421875
3,0,0,1,0,0,0,0,0,0,0,0,0,0,4.094594595
2,1,1,0,0,0,0,1,0,0,0,0,0,0,70.7421875
2,0,1,0,0,0,1,0,0,0,0,0,1,0,70.7421875
3,0,1,0,0,1,0,0,0,0,0,0,0,0,70.7421875
3,1,0,0,0,0,0,0,0,1,1,0,0,0,70.7421875
3,1,0,0,0,0,0,0,0,0,0,0,0,0,70.7421875
2,1,0,0,0,0,1,0,0,0,0,0,0,0,70.7421875
2,1,0,0,0,0,0,0,0,0,0,0,0,0,70.7421875
2,1,1,0,0,0,0,0,0,0,1,0,0,0,70.7421875
1,0,0,0,0,0,0,0,1,0,0,0,0,0,70.7421875
3,0,0,0,1,0,1,0,0,1,0,0,0,0,70.7421875
2,1,0,0,0,0,1,1,0,0,0,0,0,0,70.7421875
2,0,0,1,0,0,0,0,0,1,0,0,0,0,70.7421875
2,0,1,0,0,0,1,1,0,0,0,0,0,0,70.7421875
3,0,1,1,0,0,0,0,0,0,0,1,0,0,4.094594595
3,0,0,0,1,1,0,0,0,0,0,0,0,0,70.7421875
2,0,0,0,0,0,1,0,0,0,1,0,0,0,70.7421875
2,0,0,1,0,1,0,1,0,0,0,0,0,0,70.7421875
3,0,0,0,0,0,1,1,0,0,1,0,0,0,70.7421875
2,0,0,1,0,1,0,0,1,0,0,0,0,0,70.7421875
2,1,1,0,0,0,0,0,0,0,0,0,0,0,70.7421875
2,0,1,0,1,0,0,0,0,0,0,0,0,0,70.7421875
1,0,0,0,0,0,0,1,0,0,1,1,0,0,70.7421875
2,0,0,0,0,0,0,1,0,0,0,0,0,0,70.7421875
3,0,0,0,1,0,0,0,1,0,0,1,0,0,4.094594595
2,0,0,1,0,0,0,0,1,0,0,0,0,0,70.7421875
2,0,1,1,0,1,0,0,0,0,0,0,0,0,70.7421875
2,0,0,0,1,1,1,0,0,0,0,0,0,0,70.7421875
2,0,1,1,0,0,1,0,0,0,0,0,0,0,70.7421875
2,0,0,0,0,0,1,0,1,1,0,0,0,0,70.7421875
2,1,0,0,0,0,0,0,0,0,0,0,0,0,70.7421875
2,1,0,1,0,0,0,1,0,0,0,0,0,0,70.7421875
2,0,0,1,0,1,0,0,0,0,0,0,1,0,4.094594595
2,0,1,1,0,0,0,1,0,0,0,0,0,0,70.7421875
1,0,0,0,1,1,1,0,0,0,0,0,0,0,70.7421875
2,0,0,1,0,1,0,0,1,0,0,0,0,0,70.7421875
2,1,0,0,0,0,0,1,1,0,0,0,0,0,70.7421875
2,0,1,0,0,0,0,0,0,0,0,0,0,0,70.7421875
3,0,0,0,1,0,0,0,1,0,1,0,0,0,70.7421875
2,0,0,0,1,1,0,0,0,0,0,0,1,0,70.7421875
2,1,0,1,0,0,0,0,0,0,0,0,1,0,70.7421875
2,1,0,0,0,0,0,0,0,0,0,0,0,0,70.7421875
2,1,0,0,0,1,0,1,0,0,0,0,0,0,70.7421875
2,0,0,1,0,1,0,0,0,0,0,0,0,0,70.7421875
2,1,0,1,0,0,0,0,0,0,0,0,0,0,70.7421875
3,0,0,1,0,0,0,0,0,0,0,0,0,0,70.7421875
2,1,0,1,0,1,0,0,0,0,0,0,0,0,70.7421875
2,0,1,1,1,0,0,0,0,0,0,0,0,0,70.7421875
2,0,1,1,0,0,0,0,0,1,0,0,0,0,70.7421875
2,0,0,1,0,0,0,0,0,1,0,0,0,0,70.7421875
2,0,0,0,0,0,0,0,0,0,0,1,0,0,70.7421875
2,0,1,1,0,0,0,0,1,0,0,0,0,0,70.7421875
3,0,0,0,0,1,1,1,0,0,0,0,0,0,70.7421875
2,0,1,1,0,0,0,0,0,0,0,0,0,0,70.7421875
2,1,0,0,0,1,0,1,0,0,0,0,0,0,70.7421875
2,0,0,0,0,1,0,0,0,1,0,0,1,0,28.59130435
2,1,0,1,0,0,0,1,0,0,0,0,0,0,4.094594595
3,0,0,1,0,0,0,1,0,1,0,0,0,0,28.59130435
3,1,0,0,0,0,0,0,1,0,1,0,0,0,28.59130435
2,0,1,1,0,0,0,0,0,1,0,0,0,0,28.59130435
3,0,0,0,0,1,0,0,1,0,0,0,0,0,28.59130435
2,0,1,0,0,0,0,0,0,0,0,0,0,0,28.59130435
3,0,0,1,0,0,0,0,0,0,0,0,0,0,4.094594595
2,0,1,0,0,0,0,1,0,0,1,0,0,0,28.59130435
2,0,0,0,0,1,1,0,1,0,0,0,0,0,28.59130435
2,1,0,0,0,1,0,1,0,0,0,0,0,0,28.59130435
2,0,0,0,0,1,0,1,1,0,0,0,0,0,28.59130435
2,0,1,0,0,0,0,1,0,1,0,0,0,0,28.59130435
2,1,0,0,0,1,0,0,0,0,1,0,0,0,28.59130435
2,0,1,0,0,1,0,0,0,1,0,0,0,0,28.59130435
3,0,0,0,0,1,0,0,0,1,0,0,0,0,28.59130435
2,0,0,0,0,0,1,0,1,1,0,0,0,0,28.59130435
1,0,1,0,1,1,0,0,0,0,0,0,0,0,28.59130435
2,0,1,0,0,1,0,1,0,0,0,0,0,0,28.59130435
2,0,0,1,1,0,0,0,1,0,0,0,0,0,28.59130435
3,1,0,0,1,0,0,1,0,0,0,0,0,0,28.59130435
2,1,0,0,0,1,0,0,0,0,1,0,0,0,28.59130435
2,0,0,0,1,0,1,0,0,1,0,0,0,0,4.094594595
3,0,1,1,1,0,0,0,0,0,0,0,0,0,28.59130435
2,0,0,0,0,1,0,0,0,0,0,0,0,0,28.59130435
3,0,1,0,1,0,0,0,1,0,0,0,0,0,28.59130435
2,1,0,0,1,0,1,0,0,0,0,0,0,0,28.59130435
2,0,0,1,1,1,0,0,0,0,0,0,0,0,28.59130435
2,0,1,0,1,0,0,0,0,0,1,0,0,0,28.59130435
3,1,1,0,0,0,0,0,1,0,0,0,0,0,4.094594595
3,0,0,1,1,0,0,0,0,1,0,0,0,0,28.59130435
3,1,1,0,0,0,0,0,0,0,1,0,0,0,28.59130435
1,0,1,0,0,0,1,0,0,0,0,0,1,0,28.59130435
2,0,0,1,1,1,0,0,0,0,0,0,0,0,28.59130435
1,0,0,1,1,0,0,0,0,0,0,0,0,0,4.094594595
3,0,0,0,0,0,0,0,0,1,0,0,0,0,28.59130435
2,1,1,1,0,0,0,0,0,0,0,0,0,0,28.59130435
3,0,0,1,0,0,0,0,0,0,0,0,0,0,28.59130435
2,0,1,0,0,1,0,0,1,0,0,0,0,0,28.59130435
2,1,1,0,1,0,0,0,0,0,0,0,0,0,28.59130435
3,1,1,1,0,0,0,0,0,0,0,0,0,0,28.59130435
2,0,0,1,0,0,0,0,0,0,0,0,0,0,28.59130435
2,1,0,0,0,0,0,0,0,1,0,0,0,0,28.59130435
2,0,1,0,0,0,0,1,0,0,0,0,0,0,28.59130435
2,1,1,0,0,0,1,0,0,0,0,0,0,0,28.59130435
2,1,0,0,0,1,0,1,0,0,0,0,0,0,13.77906977
2,0,1,1,0,1,0,0,0,0,0,0,0,0,13.77906977
2,0,0,0,0,0,0,0,0,0,1,0,0,0,13.77906977
2,1,0,0,0,0,1,0,0,1,0,0,0,0,13.77906977
2,0,1,0,0,0,0,0,1,1,0,0,0,0,4.094594595
2,0,0,0,0,0,0,0,0,1,0,0,0,0,13.77906977
3,0,0,0,1,0,0,1,0,1,0,0,0,0,13.77906977
2,0,0,1,0,0,0,0,0,0,0,0,0,0,13.77906977
1,0,0,0,0,0,0,0,0,0,0,0,1,0,13.77906977
3,1,0,0,0,1,0,0,1,0,0,0,0,0,13.77906977
2,0,0,0,0,0,0,1,0,0,0,1,0,0,13.77906977
3,0,0,1,0,0,0,1,0,1,0,0,0,0,4.094594595
2,1,0,0,0,0,0,0,1,0,0,0,0,0,13.77906977
2,1,1,0,0,0,0,0,0,0,0,0,0,0,13.77906977
2,0,0,0,0,0,0,1,0,1,0,1,0,0,13.77906977
2,0,1,1,0,0,0,1,0,0,0,0,0,0,13.77906977
3,0,0,0,0,1,1,0,0,0,0,0,0,0,13.77906977
3,1,0,0,0,1,0,0,1,0,0,0,0,0,13.77906977
2,0,1,0,0,0,1,0,1,0,0,0,0,0,13.77906977
2,0,0,0,0,0,1,0,1,0,0,0,0,0,13.77906977
3,0,0,1,0,0,1,0,1,0,0,0,0,0,4.094594595
3,0,0,1,0,0,0,0,0,0,0,1,0,0,13.77906977
2,0,0,1,0,0,0,0,0,0,0,0,0,0,13.77906977
2,1,1,1,0,0,0,0,0,0,0,0,0,0,13.77906977
3,1,0,0,0,0,0,1,0,0,1,0,0,0,13.77906977
3,1,0,0,0,1,0,0,0,1,0,0,0,0,13.77906977
2,0,1,1,0,0,1,0,0,0,0,0,0,0,13.77906977
2,1,1,0,0,0,0,1,0,0,0,0,0,0,13.77906977
3,0,1,0,0,0,0,0,1,0,0,0,0,0,13.77906977
2,0,1,0,0,0,0,0,0,1,0,0,0,0,13.77906977
2,1,0,0,0,0,1,0,0,0,0,0,1,0,13.77906977
2,1,0,0,0,1,0,1,0,0,0,0,0,0,13.77906977
3,0,0,0,0,0,0,1,0,0,0,0,0,0,13.77906977
2,0,0,1,0,1,0,1,0,0,0,0,0,0,13.77906977
2,0,0,1,0,1,0,1,0,0,0,0,0,0,13.77906977
2,1,0,1,0,0,0,0,0,0,0,0,1,0,13.77906977
2,1,0,0,0,0,0,1,0,1,0,0,0,0,13.77906977
3,1,0,0,0,0,1,0,0,0,1,0,0,0,4.094594595
2,0,1,0,0,1,0,1,0,0,0,0,0,0,13.77906977
3,0,1,0,0,0,0,1,0,0,0,0,0,0,4.094594595
2,1,0,0,1,0,0,1,0,0,0,0,0,0,13.77906977
3,1,0,0,0,0,0,1,0,1,0,0,0,0,13.77906977
2,1,0,0,1,1,0,0,0,0,0,0,0,0,13.77906977
2,0,0,0,0,1,1,1,0,0,0,0,0,0,13.77906977
2,1,1,1,0,0,0,0,0,0,0,0,0,0,13.77906977
1,0,0,0,0,1,0,0,1,0,0,0,0,0,13.77906977
3,0,0,1,0,0,0,1,1,0,0,0,0,0,6.295774648
3,1,0,0,0,0,0,1,0,0,0,1,0,0,6.295774648
2,0,1,0,0,0,1,1,0,0,0,0,0,0,6.295774648
3,1,0,0,0,0,0,1,0,0,1,0,0,0,6.295774648
2,0,0,1,1,0,0,0,0,0,0,0,0,0,6.295774648
2,1,0,0,0,0,1,0,0,1,0,0,0,0,6.295774648
2,1,1,0,0,0,0,0,1,0,0,0,0,0,6.295774648
2,1,0,0,0,0,1,0,0,0,1,0,0,0,6.295774648
2,0,0,1,0,0,0,0,0,0,1,1,0,0,6.295774648
3,0,0,0,1,0,0,1,0,1,0,0,0,0,6.295774648
2,1,0,1,0,0,0,0,0,0,0,0,1,0,6.295774648
3,1,0,0,0,1,0,0,0,0,1,0,0,0,6.295774648
2,0,1,1,1,0,0,0,0,0,0,0,0,0,4.094594595
2,1,0,0,0,0,0,0,0,0,1,0,0,0,6.295774648
1,0,0,1,0,1,0,0,0,0,0,0,0,0,6.295774648
2,1,1,0,0,0,0,0,1,0,0,0,0,0,6.295774648
2,0,1,1,0,1,0,0,0,0,0,0,0,0,4.094594595
2,0,0,0,0,0,0,0,0,1,0,0,0,0,6.295774648
3,0,0,0,1,0,0,0,0,0,0,1,0,0,6.295774648
3,0,1,0,0,0,1,0,0,1,0,0,0,0,4.094594595
3,0,1,0,1,1,0,0,0,0,0,0,0,0,6.295774648
3,1,0,1,0,0,0,0,1,0,0,0,0,0,6.295774648
2,0,0,1,0,0,0,1,0,0,0,1,0,0,6.295774648
2,0,0,1,0,0,1,1,0,0,0,0,0,0,6.295774648
2,0,0,1,1,0,0,0,0,0,0,0,1,0,6.295774648
2,0,1,0,0,0,1,0,0,0,1,0,0,0,6.295774648
2,1,1,1,0,0,0,0,0,0,0,0,0,0,6.295774648
2,0,1,0,0,0,0,0,1,0,0,0,0,0,6.295774648
2,0,0,0,0,0,1,0,1,0,0,0,1,0,6.295774648
3,0,1,0,0,0,0,0,1,0,0,0,0,0,6.295774648
2,0,1,0,0,0,0,1,0,0,0,0,1,0,6.295774648
3,0,0,0,0,1,0,0,0,1,0,0,0,0,6.295774648
2,0,0,0,0,1,0,0,1,0,0,0,0,0,272.9212598
3,0,0,1,0,1,0,0,0,1,0,0,0,0,272.9212598
2,0,1,0,0,1,1,0,0,0,0,0,0,0,272.9212598
2,1,0,0,0,1,0,0,0,0,0,0,0,0,272.9212598
1,0,1,0,0,1,1,0,0,0,0,0,0,0,272.9212598
2,0,0,1,0,0,1,0,1,0,0,0,0,0,272.9212598
2,0,0,0,0,0,1,0,0,0,0,0,0,0,272.9212598
2,0,1,1,0,0,0,0,0,0,0,1,0,0,272.9212598
2,0,0,0,0,0,0,0,0,1,0,0,0,0,272.9212598
2,0,0,1,0,1,0,0,0,0,0,0,0,0,272.9212598
2,0,0,0,0,1,0,1,0,1,0,0,0,0,272.9212598
2,0,1,0,0,0,1,0,0,1,0,0,0,0,272.9212598
2,1,1,0,0,0,0,1,0,0,0,0,0,0,272.9212598
2,1,1,1,0,0,0,0,0,0,0,0,0,0,272.9212598
2,0,1,0,0,1,1,0,0,0,0,0,0,0,272.9212598
2,1,0,0,0,1,0,0,0,0,0,0,1,0,272.9212598
2,0,0,1,0,1,1,0,0,0,0,0,0,0,272.9212598
2,0,1,0,0,1,0,0,0,0,0,0,0,0,272.9212598
2,1,1,0,0,0,0,0,0,0,0,0,0,0,272.9212598
2,0,0,0,0,1,0,1,1,0,0,0,0,0,272.9212598
2,0,0,0,1,0,0,1,0,1,0,0,0,0,272.9212598
3,0,0,1,0,0,1,0,1,0,0,0,0,0,4.094594595
3,0,0,0,0,1,0,0,1,0,0,1,0,0,272.9212598
1,0,0,0,1,0,0,1,1,0,0,0,0,0,272.9212598
2,1,0,1,1,0,0,0,0,0,0,0,0,0,272.9212598
3,0,0,1,0,0,0,0,0,0,0,0,0,0,272.9212598
2,0,0,1,0,1,1,0,0,0,0,0,0,0,272.9212598
3,0,0,0,0,1,0,1,0,0,0,1,0,0,272.9212598
2,1,1,0,1,0,0,0,0,0,0,0,0,0,272.9212598
2,0,1,0,0,1,0,0,0,0,0,0,0,0,272.9212598
2,1,1,0,0,0,1,0,0,0,0,0,0,0,272.9212598
2,1,1,1,0,0,0,0,0,0,0,0,0,0,272.9212598
3,0,0,0,1,0,1,0,0,0,0,0,0,0,272.9212598
2,1,0,1,0,0,0,1,0,0,0,0,0,0,272.9212598
3,0,1,1,0,0,0,1,0,0,0,0,0,0,272.9212598
2,1,1,0,0,0,0,1,0,0,0,0,0,0,272.9212598
1,0,0,1,0,1,0,0,0,0,0,0,0,0,272.9212598
2,0,0,0,0,0,0,1,0,1,0,0,0,0,272.9212598
2,0,0,0,0,0,1,1,1,0,0,0,0,0,272.9212598
1,0,0,1,0,0,1,1,0,0,0,0,0,0,272.9212598
3,0,0,1,0,0,1,0,0,0,0,0,1,0,272.9212598
2,0,1,0,0,0,0,0,0,0,0,0,0,0,272.9212598
2,0,1,1,0,0,0,1,0,0,0,0,0,0,272.9212598
2,0,0,0,0,0,0,0,0,1,0,0,0,0,272.9212598
1,0,0,0,0,1,0,0,0,0,0,1,0,0,272.9212598
2,1,1,0,0,1,0,0,0,0,0,0,0,0,272.9212598
2,0,1,0,0,0,1,0,0,1,0,0,0,0,272.9212598
2,0,0,1,0,0,0,0,0,1,0,0,1,0,4.094594595
3,0,0,0,0,0,0,1,1,0,0,0,1,0,272.9212598
3,0,0,0,0,0,0,1,0,0,0,1,0,0,272.9212598
1,0,0,0,0,0,0,1,0,1,0,1,0,0,272.9212598
2,0,0,1,0,0,1,0,0,0,0,0,0,0,272.9212598
2,0,0,0,0,0,0,1,0,0,0,0,1,0,272.9212598
2,1,0,0,1,1,0,0,0,0,0,0,0,0,272.9212598
2,0,1,0,0,0,0,1,0,0,0,0,1,0,272.9212598
2,0,1,0,0,0,1,0,1,0,0,0,0,0,272.9212598
3,0,0,0,0,1,1,0,0,0,1,0,0,0,272.9212598
2,0,0,1,0,0,0,0,0,0,0,1,1,0,272.9212598
2,0,0,0,0,1,0,1,1,0,0,0,0,0,272.9212598
2,0,1,0,0,1,0,1,0,0,0,0,0,0,272.9212598
2,1,1,1,0,0,0,0,0,0,0,0,0,0,272.9212598
3,0,0,0,0,0,0,1,0,0,0,0,0,0,4.094594595
2,0,1,1,0,0,0,0,0,0,0,0,1,0,69.8
2,0,1,0,1,0,0,0,0,0,0,0,0,0,69.8
3,0,1,0,0,0,0,1,1,0,0,0,0,0,4.094594595
2,0,1,0,0,0,1,1,0,0,0,0,0,0,69.8
2,0,0,1,0,1,0,0,0,1,0,0,0,0,69.8
3,0,1,0,0,0,1,0,1,0,0,0,0,0,69.8
2,1,0,0,0,1,0,0,1,0,0,0,0,0,69.8
3,0,0,1,0,0,1,0,0,0,0,0,0,0,69.8
2,0,0,0,1,0,1,0,0,1,0,0,0,0,69.8
2,1,1,0,0,0,0,1,0,0,0,0,0,0,69.8
2,0,0,0,0,1,0,1,1,0,0,0,0,0,69.8
2,0,0,0,1,1,0,0,0,0,1,0,0,0,69.8
2,0,1,0,0,0,1,0,0,1,0,0,0,0,69.8
2,0,1,1,1,0,0,0,0,0,0,0,0,0,69.8
1,0,0,1,0,0,0,0,0,1,0,0,0,0,69.8
3,0,0,0,0,0,1,0,1,0,0,0,0,0,69.8
2,0,0,1,0,0,0,0,1,0,0,0,0,0,69.8
3,0,0,0,0,0,1,0,1,0,0,0,0,0,69.8
3,0,0,1,0,0,0,1,0,0,1,0,0,0,69.8
2,1,0,0,1,0,0,1,0,0,0,0,0,0,69.8
2,1,1,0,0,0,1,0,0,0,0,0,0,0,4.094594595
2,1,0,0,0,0,0,1,0,0,0,0,0,0,69.8
2,0,1,1,0,0,0,0,1,0,0,0,0,0,69.8
3,0,1,1,0,0,1,0,0,0,0,0,0,0,69.8
3,0,1,0,0,1,0,0,1,0,0,0,0,0,69.8
2,1,0,0,0,1,0,0,1,0,0,0,0,0,69.8
2,0,1,1,0,0,0,0,0,0,0,0,0,0,69.8
2,1,0,1,0,0,0,1,0,0,0,0,0,0,69.8
3,0,0,1,0,0,1,0,1,0,0,0,0,0,4.094594595
2,0,0,0,0,0,0,1,0,0,0,0,0,0,69.8
2,1,1,0,0,0,0,1,0,0,0,0,0,0,69.8
3,0,0,0,0,0,0,0,0,0,0,0,0,1,69.8
2,0,1,0,0,0,0,0,0,0,0,0,0,0,69.8
2,1,0,1,0,0,0,0,0,0,0,0,0,0,69.8
2,0,1,0,0,0,0,1,0,0,1,0,0,0,69.8
3,0,0,0,0,0,0,1,1,0,0,0,0,0,69.8
2,0,0,1,1,1,0,0,0,0,0,0,0,0,69.8
2,0,0,0,1,0,0,1,0,0,1,0,0,0,69.8
1,0,0,0,0,0,1,0,1,0,0,0,0,0,69.8
3,0,0,0,0,0,0,1,1,0,0,0,1,0,69.8
2,0,0,0,0,1,0,0,0,0,0,0,0,0,69.8
3,0,1,0,1,0,0,0,0,0,1,0,0,0,69.8
3,0,0,0,1,0,0,0,1,0,0,0,0,0,4.094594595
3,0,1,1,0,0,0,0,0,1,0,0,0,0,69.8
3,1,0,0,0,1,0,0,1,0,0,0,0,0,69.8
3,0,0,1,0,0,0,1,0,0,0,0,0,0,4.094594595
2,0,1,0,1,0,1,0,0,0,0,0,0,0,69.8
2,1,0,0,0,1,0,0,0,1,0,0,0,0,69.8
2,0,1,0,0,1,0,1,0,0,0,0,0,0,69.8
3,0,0,0,0,0,0,1,0,0,0,0,0,0,4.094594595
3,0,0,0,0,0,1,0,0,1,0,0,1,0,69.8
2,0,1,0,0,1,0,1,0,0,0,0,0,0,69.8
3,0,0,0,0,0,0,1,0,0,0,0,0,0,69.8
3,0,0,1,0,0,1,1,0,0,0,0,0,0,69.8
2,0,1,0,1,0,0,0,1,0,0,0,0,0,69.8
3,1,1,0,0,0,0,1,0,0,0,0,0,0,69.8
2,1,0,0,0,1,0,1,0,0,0,0,0,0,69.8
3,0,1,0,0,0,1,1,0,0,0,0,0,0,19.15178571
3,0,0,0,1,0,0,0,1,1,0,0,0,0,19.15178571
3,0,1,1,0,0,0,1,0,0,0,0,0,0,19.15178571
2,0,1,1,0,0,0,0,0,0,0,0,0,0,19.15178571
2,1,1,0,0,0,0,1,0,0,0,0,0,0,19.15178571
3,0,0,1,0,0,1,0,0,0,0,0,0,0,19.15178571
3,0,0,1,0,1,0,0,0,0,0,0,0,0,19.15178571
2,0,0,1,0,0,1,0,0,0,0,0,0,0,19.15178571
3,0,1,0,1,0,0,0,1,0,0,0,0,0,19.15178571
3,0,0,0,0,1,0,0,1,0,0,1,0,0,4.094594595
2,0,1,0,0,0,0,0,1,0,0,0,0,0,19.15178571
2,0,0,1,0,0,1,0,0,1,0,0,0,0,19.15178571
2,0,0,1,0,0,0,0,1,0,0,0,0,0,19.15178571
2,1,0,0,0,1,0,1,0,0,0,0,0,0,19.15178571
2,1,1,0,1,0,0,0,0,0,0,0,0,0,19.15178571
3,1,0,0,0,1,1,0,0,0,0,0,0,0,19.15178571
3,0,0,0,0,0,0,1,1,1,0,0,0,0,4.094594595
2,0,0,1,1,0,0,0,0,0,0,0,0,0,19.15178571
3,0,0,0,1,0,1,0,0,0,0,0,0,0,19.15178571
3,1,0,0,0,1,0,1,0,0,0,0,0,0,19.15178571
2,0,0,0,1,1,0,0,0,0,0,0,0,0,19.15178571
2,0,1,0,1,1,0,0,0,0,0,0,0,0,19.15178571
1,0,0,0,0,0,0,0,1,1,1,0,0,0,19.15178571
1,0,1,0,0,0,1,1,0,0,0,0,0,0,4.094594595
2,1,0,0,0,0,1,0,1,0,0,0,0,0,19.15178571
2,1,1,0,0,0,1,0,0,0,0,0,0,0,19.15178571
2,0,1,0,1,1,0,0,0,0,0,0,0,0,4.094594595
3,1,0,1,0,0,0,1,0,0,0,0,0,0,19.15178571
2,0,1,0,0,0,1,0,0,0,0,0,1,0,19.15178571
3,0,0,0,0,0,1,0,0,0,0,0,0,0,19.15178571
3,0,0,0,0,0,1,0,0,0,0,0,0,0,19.15178571
2,1,0,1,0,0,0,0,1,0,0,0,0,0,19.15178571
2,1,0,1,0,0,0,0,0,0,0,0,0,0,19.15178571
2,0,0,1,0,0,1,1,0,0,0,0,0,0,19.15178571
2,0,1,1,0,0,0,1,0,0,0,0,0,0,19.15178571
3,0,0,1,0,0,0,0,0,0,0,0,0,0,19.15178571
2,0,0,0,1,1,0,0,0,1,0,0,0,0,19.15178571
2,1,1,0,0,0,0,0,0,0,1,0,0,0,19.15178571
2,1,0,0,0,1,0,0,0,1,0,0,0,0,19.15178571
3,0,0,0,1,1,0,1,0,0,0,0,0,0,19.15178571
2,0,0,1,0,0,0,0,0,0,0,0,0,0,19.15178571
2,1,0,1,0,0,0,0,1,0,0,0,0,0,19.15178571
2,1,1,0,0,0,0,1,0,0,0,0,0,0,19.15178571
3,0,0,0,0,0,1,0,0,0,1,1,0,0,19.15178571
2,0,0,1,0,0,0,1,0,0,1,0,0,0,19.15178571
3,0,0,1,0,0,0,0,1,0,0,0,0,0,19.15178571
2,1,0,1,0,0,1,0,0,0,0,0,0,0,19.15178571
3,0,0,0,1,0,0,1,0,0,0,0,1,0,4.094594595
2,1,0,0,1,1,0,0,0,0,0,0,0,0,19.15178571
2,0,1,1,0,0,0,0,0,0,0,0,0,0,19.15178571
2,0,0,1,0,0,1,0,0,0,1,0,0,0,19.15178571
1,0,0,0,0,1,1,0,1,0,0,0,0,0,19.15178571
2,0,1,0,0,0,0,1,0,0,1,0,0,0,19.15178571
2,0,0,1,0,1,0,1,0,0,0,0,0,0,19.15178571
2,0,1,1,0,0,0,0,0,0,0,0,0,0,19.15178571
2,0,0,0,0,1,0,1,0,0,0,0,0,0,19.15178571
2,0,0,1,0,0,0,0,0,0,0,0,0,0,19.15178571
3,0,1,1,0,0,0,0,0,0,1,0,0,0,19.15178571
1,1,0,1,0,0,1,0,0,0,0,0,0,0,8.481012658
1,0,1,0,0,1,0,0,0,0,1,0,0,0,8.481012658
2,0,1,0,0,0,1,1,0,0,0,0,0,0,8.481012658
2,1,1,1,0,0,0,0,0,0,0,0,0,0,8.481012658
2,0,1,0,0,0,1,0,0,0,1,0,0,0,8.481012658
2,0,1,1,0,0,0,0,0,0,0,0,0,0,8.481012658
3,0,0,1,1,1,0,0,0,0,0,0,0,0,8.481012658
2,1,0,1,1,0,0,0,0,0,0,0,0,0,8.481012658
2,0,0,1,0,1,0,0,1,0,0,0,0,0,8.481012658
2,1,0,0,1,0,0,0,1,0,0,0,0,0,8.481012658
3,0,0,0,1,0,0,1,0,0,1,0,0,0,8.481012658
2,0,1,1,0,0,0,0,0,0,0,0,0,0,8.481012658
2,1,0,0,0,0,1,0,1,0,0,0,0,0,8.481012658
2,0,0,0,0,0,0,0,0,0,0,1,0,0,8.481012658
2,1,1,0,0,0,0,1,0,0,0,0,0,0,8.481012658
3,0,1,0,0,0,0,1,0,0,0,1,0,0,4.094594595
1,0,0,1,1,0,0,0,0,1,0,0,0,0,8.481012658
2,1,0,0,0,1,0,0,1,0,0,0,0,0,8.481012658
2,1,0,0,0,0,0,1,0,1,0,0,0,0,8.481012658
2,1,0,0,0,0,1,0,1,0,0,0,0,0,8.481012658
2,0,0,0,0,1,1,1,0,0,0,0,0,0,4.094594595
3,0,1,0,0,1,0,0,1,0,0,0,0,0,8.481012658
3,1,1,0,0,0,1,0,0,0,0,0,0,0,8.481012658
2,0,1,0,1,0,0,0,1,0,0,0,0,0,8.481012658
2,1,0,0,0,1,0,0,0,0,0,0,0,0,8.481012658
3,0,0,1,0,0,0,0,0,0,0,0,0,0,8.481012658
2,0,1,0,1,0,1,0,0,0,0,0,0,0,8.481012658
2,1,1,0,0,0,0,0,0,0,0,0,1,0,8.481012658
3,0,1,0,1,0,0,0,1,0,0,0,0,0,8.481012658
2,0,0,0,0,0,0,1,0,0,0,1,1,0,8.481012658
2,1,0,0,0,0,0,1,0,0,0,0,0,0,8.481012658
2,0,1,0,0,0,1,0,1,0,0,0,0,0,8.481012658
2,0,1,0,0,0,0,1,1,0,0,0,0,0,8.481012658
3,0,1,0,0,0,0,0,1,1,0,0,0,0,15.6259542
2,1,0,1,0,0,0,1,0,0,0,0,0,0,118.0510949
2,0,0,1,0,0,0,1,0,0,0,0,1,0,15.6259542
2,1,0,1,1,0,0,0,0,0,0,0,0,0,15.6259542
2,1,0,0,0,0,0,0,1,1,0,0,0,0,15.6259542
2,1,1,0,0,0,0,1,0,0,0,0,0,0,15.6259542
2,1,0,1,0,0,1,0,0,0,0,0,0,0,15.6259542
3,1,0,0,0,0,1,1,0,0,0,0,0,0,15.6259542
2,1,1,0,0,0,0,0,1,0,0,0,0,0,15.6259542
2,1,1,0,0,0,1,0,0,0,0,0,0,0,15.6259542
2,1,0,1,0,0,0,1,0,0,0,0,0,0,118.0510949
3,0,0,1,1,0,0,1,0,0,0,0,0,0,15.6259542
3,1,1,0,0,0,0,0,0,1,0,0,0,0,15.6259542
3,0,0,1,1,0,0,1,0,0,0,0,0,0,15.6259542
3,0,1,1,0,0,0,0,0,1,0,0,0,0,118.0510949
2,1,0,0,1,0,0,0,0,1,0,0,0,0,15.6259542
2,1,1,0,0,0,0,0,1,0,0,0,0,0,15.6259542
2,0,1,0,0,1,1,0,0,0,0,0,0,0,15.6259542
3,1,0,0,0,1,0,0,0,0,0,0,0,0,15.6259542
2,0,1,0,0,1,0,0,0,0,0,0,0,0,15.6259542
3,0,1,1,0,0,0,0,0,1,0,0,0,0,15.6259542
3,0,0,0,0,1,0,0,1,0,1,0,0,0,15.6259542
2,0,1,0,0,0,0,0,1,0,0,0,0,0,15.6259542
1,1,0,0,0,1,0,0,0,0,0,0,0,0,15.6259542
1,0,0,0,0,0,0,0,0,0,0,0,0,1,15.6259542
2,1,0,0,0,1,0,0,1,0,0,0,0,0,15.6259542
2,0,1,1,0,0,1,0,0,0,0,0,0,0,118.0510949
2,0,1,1,0,0,0,0,1,0,0,0,0,0,15.6259542
2,0,0,1,1,0,0,0,0,1,0,0,0,0,15.6259542
2,1,0,0,0,1,0,0,0,0,0,0,0,0,15.6259542
2,0,1,0,0,1,0,0,0,1,0,0,0,0,15.6259542
3,0,0,1,0,1,0,1,0,0,0,0,0,0,118.0510949
2,0,1,1,0,0,1,0,0,0,0,0,0,0,15.6259542
2,0,0,1,0,0,1,0,1,0,0,0,0,0,15.6259542
1,1,1,0,1,0,0,0,0,0,0,0,0,0,15.6259542
3,0,0,0,0,1,0,0,0,0,1,0,0,0,15.6259542
2,0,1,0,0,0,0,0,0,1,0,1,0,0,15.6259542
3,0,1,0,0,1,0,0,0,0,1,0,0,0,15.6259542
2,0,1,0,0,1,0,1,0,0,0,0,0,0,15.6259542
2,1,0,0,0,0,1,0,1,0,0,0,0,0,15.6259542
1,0,1,1,1,0,0,0,0,0,0,0,0,0,15.6259542
2,1,1,0,0,0,0,0,0,1,0,0,0,0,15.6259542
2,1,1,0,0,0,0,0,0,1,0,0,0,0,15.6259542
2,0,1,0,0,0,0,1,0,1,0,0,0,0,15.6259542
1,1,1,0,0,0,0,0,0,0,1,0,0,0,15.6259542
1,0,1,0,0,0,0,0,0,1,0,0,0,0,15.6259542
2,1,0,0,0,0,1,0,0,0,0,0,0,0,118.0510949
3,0,1,0,0,0,0,0,0,0,0,0,0,0,15.6259542
2,1,0,0,0,0,0,0,1,0,0,0,1,0,15.6259542
2,1,0,0,0,0,0,0,0,0,0,0,0,0,15.6259542
2,0,0,1,0,1,0,0,0,0,0,0,0,0,15.6259542
3,1,1,1,0,0,0,0,0,0,0,0,0,0,118.0510949
2,0,0,0,0,1,0,0,0,0,0,0,0,0,15.6259542
1,0,0,0,0,1,0,0,0,0,0,0,1,0,15.6259542
1,0,0,1,1,0,0,0,0,0,0,0,0,0,15.6259542
2,1,0,0,0,1,0,0,0,1,0,0,0,0,15.6259542
2,0,0,0,0,1,1,1,0,0,0,0,0,0,118.0510949
3,0,0,0,0,0,0,0,0,0,1,0,0,0,15.6259542
1,0,0,0,0,0,0,1,1,0,0,0,1,0,15.6259542
2,1,0,0,0,0,1,0,0,1,0,0,0,0,10.8220339
2,0,1,0,0,0,0,0,0,0,1,0,0,0,118.0510949
2,0,1,0,1,0,0,1,0,0,0,0,0,0,10.8220339
2,0,1,0,0,1,0,0,0,1,0,0,0,0,118.0510949
2,0,1,0,0,0,0,1,0,0,0,0,0,0,10.8220339
3,0,0,0,0,0,1,0,0,0,0,0,0,0,10.8220339
3,0,1,0,0,0,0,0,1,0,0,1,0,0,10.8220339
3,0,1,0,0,0,0,0,0,0,0,0,0,0,10.8220339
2,0,1,0,0,0,0,0,0,0,0,0,0,0,10.8220339
3,0,0,0,0,0,0,0,1,1,0,0,0,0,10.8220339
2,0,1,0,0,0,0,0,0,0,0,0,0,1,10.8220339
3,1,0,0,0,0,1,0,1,0,0,0,0,0,10.8220339
3,1,0,0,0,0,0,0,0,0,0,0,0,0,10.8220339
3,0,0,1,0,0,0,0,1,1,0,0,0,0,10.8220339
2,0,0,0,0,0,0,0,1,0,0,0,0,0,10.8220339
1,1,1,0,0,0,1,0,0,0,0,0,0,0,118.0510949
3,0,1,0,0,1,0,0,0,0,1,0,0,0,10.8220339
2,1,0,1,0,0,0,1,0,0,0,0,0,0,118.0510949
2,0,1,0,0,0,0,0,0,0,0,0,0,0,10.8220339
2,0,1,0,0,0,1,0,0,0,0,0,1,0,10.8220339
2,0,0,1,0,1,0,0,0,1,0,0,0,0,10.8220339
2,0,0,0,1,0,0,1,0,1,0,0,0,0,10.8220339
3,0,1,1,0,0,0,0,0,0,0,1,0,0,10.8220339
2,0,0,1,0,0,1,0,1,0,0,0,0,0,10.8220339
3,0,1,1,0,1,0,0,0,0,0,0,0,0,118.0510949
3,0,0,0,0,0,0,1,0,0,0,0,0,0,10.8220339
3,0,1,1,0,0,1,0,0,0,0,0,0,0,118.0510949
1,0,1,0,0,0,0,0,0,0,0,0,0,0,10.8220339
2,0,1,1,0,1,0,0,0,0,0,0,0,0,10.8220339
3,1,0,1,1,0,0,0,0,0,0,0,0,0,10.8220339
3,1,1,0,0,0,0,1,0,0,0,0,0,0,10.8220339
3,1,0,0,1,0,0,0,0,1,0,0,0,0,10.8220339
3,1,0,0,0,0,0,0,0,0,0,0,0,0,10.8220339
2,0,0,1,1,0,0,0,0,0,0,0,0,0,10.8220339
3,0,0,1,0,0,0,0,1,1,0,0,0,0,10.8220339
2,0,1,0,0,0,0,0,1,0,1,0,0,0,118.0510949
2,0,0,0,1,0,0,0,1,1,0,0,0,0,8.50617284
1,0,1,0,1,0,1,0,0,0,0,0,0,0,118.0510949
1,0,1,1,0,0,1,0,0,0,0,0,0,0,8.50617284
2,0,1,0,0,1,0,0,0,1,0,0,0,0,118.0510949
3,0,0,0,0,0,1,0,1,0,0,0,0,0,8.50617284
3,0,1,0,0,1,1,0,0,0,0,0,0,0,118.0510949
3,0,0,0,1,0,0,0,0,1,0,1,0,0,418.6834532
2,1,1,1,0,0,0,0,0,0,0,0,0,0,418.6834532
1,0,1,1,1,0,0,0,0,0,0,0,0,0,418.6834532
3,0,1,0,0,0,0,0,1,0,0,0,1,0,418.6834532
3,1,1,0,0,1,0,0,0,0,0,0,0,0,418.6834532
3,0,1,1,0,1,0,0,0,0,0,0,0,0,418.6834532
3,0,0,0,1,1,0,1,0,0,0,0,0,0,118.0510949
3,0,0,0,1,0,0,0,1,1,0,0,0,0,418.6834532
2,0,1,0,0,0,1,0,0,0,1,0,0,0,418.6834532
2,0,1,0,1,0,1,0,0,0,0,0,0,0,418.6834532
2,0,1,0,0,0,0,0,1,0,0,0,1,0,418.6834532
2,0,0,1,0,1,1,0,0,0,0,0,0,0,418.6834532
2,0,0,1,0,1,0,0,0,0,0,0,1,0,418.6834532
2,0,0,0,1,0,0,0,1,0,1,0,0,0,418.6834532
3,1,1,0,1,0,0,0,0,0,0,0,0,0,118.0510949
1,0,1,1,1,0,0,0,0,0,0,0,0,0,418.6834532
1,0,1,1,0,0,0,0,0,0,1,0,0,0,418.6834532
3,0,0,0,0,0,0,0,1,1,0,0,1,0,118.0510949
2,1,0,1,0,0,1,0,0,0,0,0,0,0,418.6834532
2,0,0,0,1,0,0,0,1,0,0,0,0,0,418.6834532
2,0,0,0,1,0,0,1,0,0,0,0,0,0,418.6834532
2,0,0,1,1,0,0,0,0,0,0,0,0,0,418.6834532
2,0,1,1,1,0,0,0,0,0,0,0,0,0,418.6834532
3,0,1,0,0,1,0,0,0,0,0,0,0,0,418.6834532
1,1,1,1,0,0,0,0,0,0,0,0,0,0,418.6834532
2,0,1,0,1,1,0,0,0,0,0,0,0,0,418.6834532
2,1,1,0,0,0,0,0,0,0,0,0,0,0,418.6834532
2,1,0,0,0,0,0,1,0,0,1,0,0,0,418.6834532
2,0,0,0,0,1,0,1,1,0,0,0,0,0,418.6834532
3,0,0,0,0,1,0,0,1,1,0,0,0,0,418.6834532
2,1,1,0,0,0,0,0,0,1,0,0,0,0,418.6834532
2,0,0,1,1,1,0,0,0,0,0,0,0,0,418.6834532
3,0,1,0,0,1,0,0,0,0,0,0,0,0,418.6834532
2,0,0,1,0,0,0,1,0,0,0,0,0,0,418.6834532
3,1,0,0,0,1,0,0,0,0,1,0,0,0,418.6834532
2,1,0,1,0,0,0,0,0,0,0,0,0,0,418.6834532
3,0,1,0,1,0,0,0,0,1,0,0,0,0,162.0330579
1,1,1,1,0,0,0,0,0,0,0,0,0,0,162.0330579
2,0,1,0,0,1,0,0,0,0,0,0,0,0,118.0510949
2,0,1,1,0,0,0,0,0,1,0,0,0,0,162.0330579
3,1,0,0,0,1,0,1,0,0,0,0,0,0,162.0330579
3,0,0,0,0,0,0,0,1,0,0,0,1,0,162.0330579
2,1,0,1,0,1,0,0,0,0,0,0,0,0,162.0330579
2,1,0,1,0,0,0,0,1,0,0,0,0,0,162.0330579
2,0,0,0,0,0,1,1,0,0,0,0,0,0,162.0330579
3,0,0,1,0,0,0,0,1,0,1,0,0,0,162.0330579
3,0,0,0,0,1,0,1,0,0,0,0,1,0,118.0510949
3,0,1,0,0,0,0,0,1,0,0,0,0,0,162.0330579
1,0,0,0,1,0,0,0,0,0,1,0,0,0,162.0330579
3,0,0,0,0,0,0,1,1,0,1,0,0,0,162.0330579
2,0,0,1,0,1,1,0,0,0,0,0,0,0,162.0330579
2,0,0,1,0,0,1,0,1,0,0,0,0,0,162.0330579
2,0,1,1,1,0,0,0,0,0,0,0,0,0,162.0330579
2,0,0,1,0,1,0,0,0,0,1,0,0,0,162.0330579
3,0,1,0,0,0,0,1,0,0,0,0,1,0,118.0510949
3,1,1,1,0,0,0,0,0,0,0,0,0,0,162.0330579
3,1,1,1,0,0,0,0,0,0,0,0,0,0,162.0330579
2,0,0,1,0,0,0,1,0,0,0,0,1,0,162.0330579
2,0,1,0,0,1,0,0,0,0,0,1,0,0,162.0330579
2,0,1,1,0,0,1,0,0,0,0,0,0,0,162.0330579
2,0,0,1,0,0,1,0,0,0,0,0,1,0,162.0330579
3,0,0,1,0,0,1,0,0,1,0,0,0,0,162.0330579
3,1,0,0,0,0,1,0,0,1,0,0,0,0,162.0330579
2,0,0,1,0,0,0,0,0,0,0,0,0,0,118.0510949
2,0,0,1,0,1,0,0,0,0,0,0,0,0,60.89361702
2,1,1,0,0,1,0,0,0,0,0,0,0,0,60.89361702
3,0,0,0,0,1,0,0,0,0,0,0,0,0,60.89361702
2,0,0,0,0,0,0,1,0,1,0,0,0,0,60.89361702
2,0,1,0,0,0,1,0,0,1,0,0,0,0,118.0510949
2,1,1,0,0,0,0,1,0,0,0,0,0,0,60.89361702
3,0,0,0,1,0,0,1,0,1,0,0,0,0,118.0510949
2,0,0,0,1,1,0,1,0,0,0,0,0,0,118.0510949
2,1,0,0,0,1,0,0,1,0,0,0,0,0,60.89361702
2,1,1,0,0,0,0,0,1,0,0,0,0,0,60.89361702
2,0,0,0,1,0,1,0,0,0,0,0,1,0,60.89361702
2,0,0,0,0,1,0,0,0,0,0,0,0,0,60.89361702
2,0,0,0,0,1,0,0,0,0,0,0,1,0,60.89361702
2,0,0,0,0,1,0,0,1,0,0,0,0,0,118.0510949
2,1,0,0,0,0,1,0,1,0,0,0,0,0,60.89361702
3,0,0,1,1,1,0,0,0,0,0,0,0,0,60.89361702
3,0,0,1,0,0,1,1,0,0,0,0,0,0,60.89361702
2,0,1,0,0,0,0,0,0,0,0,0,0,0,60.89361702
2,0,0,1,0,0,0,1,1,0,0,0,0,0,118.0510949
3,0,1,0,0,0,0,0,1,1,0,0,0,0,25.02666667
2,0,1,0,0,0,0,0,1,0,0,0,1,0,25.02666667
3,0,1,0,1,0,0,1,0,0,0,0,0,0,25.02666667
2,0,0,1,0,0,1,0,1,0,0,0,0,0,118.0510949
2,1,0,1,1,0,0,0,0,0,0,0,0,0,118.0510949
2,0,1,1,1,0,0,0,0,0,0,0,0,0,25.02666667
2,0,0,1,1,0,0,0,0,0,0,0,1,0,70.7421875
2,1,0,0,0,0,0,0,1,0,0,0,1,0,70.7421875
2,0,0,1,0,0,1,1,0,0,0,0,0,0,118.0510949
2,0,0,0,0,0,0,0,0,0,1,1,1,0,70.7421875
2,0,1,0,0,0,0,0,1,0,1,0,0,0,70.7421875
3,0,0,1,0,0,1,1,0,0,0,0,0,0,118.0510949
2,0,1,0,0,0,1,0,0,0,0,0,0,0,70.7421875
2,1,0,0,1,0,0,0,0,0,0,0,0,0,70.7421875
3,0,0,1,0,0,0,0,0,0,0,1,1,0,70.7421875
2,1,0,1,0,0,0,0,1,0,0,0,0,0,118.0510949
3,0,1,0,0,0,0,0,0,0,0,0,0,0,70.7421875
2,0,0,0,1,0,0,0,0,0,0,0,0,0,118.0510949
3,0,0,1,0,0,0,0,0,0,1,0,0,0,70.7421875
2,0,1,1,0,1,0,0,0,0,0,0,0,0,70.7421875
2,0,0,1,0,0,1,1,0,0,0,0,0,0,70.7421875
2,0,0,0,0,0,1,0,1,0,1,0,0,0,118.0510949
2,1,0,1,1,0,0,0,0,0,0,0,0,0,70.7421875
3,0,0,1,0,1,1,0,0,0,0,0,0,0,70.7421875
2,0,0,1,1,0,0,0,1,0,0,0,0,0,70.7421875
2,1,0,1,1,0,0,0,0,0,0,0,0,0,118.0510949
3,0,0,0,1,1,1,0,0,0,0,0,0,0,70.7421875
2,0,1,0,1,0,0,0,1,0,0,0,0,0,118.0510949
3,0,0,1,0,0,0,0,0,0,0,0,0,0,28.59130435
1,1,0,0,0,1,1,0,0,0,0,0,0,0,28.59130435
2,0,1,1,0,0,0,1,0,0,0,0,0,0,28.59130435
3,1,0,0,0,0,0,0,0,0,1,0,1,0,28.59130435
3,0,0,1,0,1,0,0,0,0,0,1,0,0,28.59130435
2,0,0,0,0,0,1,0,0,0,0,0,0,0,118.0510949
2,0,0,1,0,0,1,0,0,1,0,0,0,0,28.59130435
3,0,0,0,0,0,1,0,1,0,0,0,1,0,28.59130435
3,1,0,1,0,1,0,0,0,0,0,0,0,0,28.59130435
3,1,0,0,0,1,0,0,1,0,0,0,0,0,28.59130435
2,0,0,0,1,0,1,1,0,0,0,0,0,0,118.0510949
2,1,0,1,0,1,0,0,0,0,0,0,0,0,28.59130435
2,0,1,0,0,0,1,0,0,1,0,0,0,0,28.59130435
2,0,0,0,0,0,0,1,0,0,0,0,0,0,28.59130435
2,0,0,0,0,1,0,0,0,1,0,1,0,0,28.59130435
3,0,1,0,0,0,0,0,0,0,0,0,0,0,28.59130435
2,0,1,1,0,0,0,1,0,0,0,0,0,0,118.0510949
2,0,0,0,0,0,0,0,0,1,0,0,0,0,28.59130435
2,0,0,0,0,1,0,0,1,0,1,0,0,0,28.59130435
2,1,1,0,0,0,1,0,0,0,0,0,0,0,28.59130435
2,0,1,0,0,0,0,0,1,0,0,0,0,0,118.0510949
3,0,0,0,0,1,0,1,1,0,0,0,0,0,28.59130435
3,0,1,1,0,0,0,0,0,0,0,0,0,0,28.59130435
2,1,1,0,0,0,0,0,0,0,0,0,0,1,13.77906977
2,0,0,1,0,0,1,0,0,0,0,0,0,0,118.0510949
3,0,0,0,1,0,0,0,0,0,0,0,0,0,13.77906977
2,0,0,0,0,1,0,0,0,0,0,0,0,0,13.77906977
3,1,0,0,0,1,0,0,0,0,1,0,0,0,118.0510949
2,0,0,1,0,0,0,0,1,0,1,0,0,0,13.77906977
2,1,0,0,0,1,0,0,0,0,0,0,0,0,13.77906977
3,1,0,0,0,0,0,0,0,0,1,0,1,0,13.77906977
2,1,0,0,1,0,1,0,0,0,0,0,0,0,13.77906977
2,0,1,0,0,0,0,0,0,0,0,0,1,0,118.0510949
2,0,0,1,0,1,0,0,0,0,0,0,0,0,118.0510949
2,0,1,1,0,0,0,1,0,0,0,0,0,0,118.0510949
2,0,1,0,1,0,0,1,0,0,0,0,0,0,118.0510949
3,0,1,1,0,0,0,0,0,0,0,0,0,0,118.0510949
3,1,1,0,0,0,0,0,0,1,0,0,0,0,8.50617284
3,0,0,0,0,1,0,1,1,0,0,0,0,0,118.0510949
2,0,0,0,0,1,0,1,0,0,0,1,0,0,118.0510949
1,0,0,1,0,1,0,0,0,1,0,0,0,0,118.0510949
2,1,0,0,1,0,0,0,0,0,0,0,1,0,8.50617284
3,0,0,1,0,0,1,0,0,0,0,1,0,0,4.094594595
3,0,1,0,0,0,1,0,0,1,0,0,0,0,4.094594595
2,0,0,1,0,0,0,0,0,0,1,0,0,0,118.0510949
2,1,0,1,0,0,0,1,0,0,0,0,0,0,118.0510949
2,1,1,1,0,0,0,0,0,0,0,0,0,0,118.0510949
2,1,0,0,0,0,1,1,0,0,0,0,0,0,118.0510949
2,0,0,1,0,1,0,0,0,0,0,0,0,0,118.0510949
2,0,1,1,0,0,0,0,0,0,0,1,0,0,118.0510949
3,0,0,0,0,1,0,0,1,0,0,0,0,0,118.0510949
2,0,0,1,1,1,0,0,0,0,0,0,0,0,118.0510949
2,0,1,0,0,1,0,1,0,0,0,0,0,0,118.0510949
3,0,1,0,1,0,1,0,0,0,0,0,0,0,118.0510949
3,0,1,0,0,0,1,1,0,0,0,0,0,0,118.0510949
3,0,1,0,0,0,0,0,1,0,0,1,0,0,13.77906977
1,0,1,0,0,0,1,0,0,0,0,0,0,0,118.0510949
3,0,0,0,0,1,0,1,1,0,0,0,0,0,118.0510949
2,0,0,1,0,0,0,0,1,1,0,0,0,0,118.0510949
2,0,1,1,0,0,0,1,0,0,0,0,0,0,118.0510949
3,0,0,1,0,0,0,1,0,1,0,0,0,0,118.0510949
2,0,1,1,1,0,0,0,0,0,0,0,0,0,118.0510949
3,0,1,1,0,0,0,0,0,1,0,0,0,0,118.0510949
3,0,1,0,0,0,1,1,0,0,0,0,0,0,6.295774648
3,0,1,0,0,1,0,1,0,0,0,0,0,0,26.66037736
2,0,0,0,1,1,0,0,0,0,0,0,1,0,26.66037736
3,0,0,0,1,0,0,1,0,0,0,0,1,0,26.66037736
3,1,0,0,0,1,0,1,0,0,0,0,0,0,26.66037736
2,0,0,0,0,0,1,0,0,0,0,0,0,0,26.66037736
2,0,0,1,0,0,0,0,0,0,0,0,0,0,6.295774648
3,1,0,0,0,0,0,0,1,0,1,0,0,0,6.295774648
2,1,0,0,0,0,0,0,1,0,0,0,0,0,6.295774648
3,0,0,0,1,0,1,0,0,1,0,0,0,0,26.66037736
1,0,1,0,0,0,0,1,0,0,0,0,0,0,26.66037736
2,1,1,0,0,1,0,0,0,0,0,0,0,0,26.66037736
3,1,1,0,0,0,0,1,0,0,0,0,0,0,26.66037736
2,1,1,0,0,0,1,0,0,0,0,0,0,0,26.66037736
3,0,0,1,0,0,0,1,0,1,0,0,0,0,26.66037736
3,0,0,1,1,0,0,0,0,0,0,0,0,0,25.02666667
3,1,0,1,0,1,0,0,0,0,0,0,0,0,26.66037736
2,1,1,0,0,0,0,0,0,1,0,0,0,0,25.02666667
2,0,0,0,1,0,0,0,1,0,0,0,0,0,26.66037736
2,0,1,1,0,0,0,1,0,0,0,0,0,0,26.66037736
2,0,0,1,0,1,0,1,0,0,0,0,0,0,26.66037736
2,0,0,1,0,0,0,1,1,0,0,0,0,0,26.66037736
2,0,0,1,0,1,0,0,0,1,0,0,0,0,26.66037736
3,1,0,0,0,1,0,1,0,0,0,0,0,0,26.66037736
2,1,0,1,0,1,0,0,0,0,0,0,0,0,26.66037736
2,0,0,1,0,0,0,0,1,0,1,0,0,0,26.66037736
2,0,1,0,0,1,0,1,0,0,0,0,0,0,26.66037736
2,0,0,0,1,1,0,0,0,1,0,0,0,0,8.481012658
2,0,1,1,0,0,0,0,0,0,0,1,0,0,26.66037736
2,0,0,1,0,0,0,1,0,0,0,1,0,0,15.6259542
2,0,1,1,0,0,1,0,0,0,0,0,0,0,10.8220339
2,1,1,0,0,1,0,0,0,0,0,0,0,0,26.66037736
2,0,0,1,1,0,1,0,0,0,0,0,0,0,26.66037736
1,0,0,1,1,1,0,0,0,0,0,0,0,0,26.66037736
2,1,1,0,0,0,0,1,0,0,0,0,0,0,25.02666667
1,1,0,0,0,1,0,1,0,0,0,0,0,0,26.66037736
3,0,1,0,0,0,1,0,0,0,0,0,1,0,25.02666667
2,0,0,1,0,0,1,0,0,1,0,0,0,0,10.8220339
3,0,1,0,0,0,0,1,0,0,1,0,0,0,28.59130435
3,1,0,0,0,0,0,0,0,0,0,0,0,0,25.02666667
2,0,0,1,0,0,0,0,1,1,0,0,0,0,26.66037736
2,0,1,1,0,0,0,0,0,0,0,0,0,0,25.02666667
2,0,1,1,0,0,0,0,0,0,0,0,0,0,8.481012658
2,0,1,0,0,1,0,0,0,0,0,0,0,0,26.66037736
3,1,0,0,1,0,0,0,1,0,0,0,0,0,15.6259542
2,0,0,0,0,0,0,0,1,0,0,0,0,0,26.66037736
2,0,1,0,0,0,0,0,1,0,0,0,1,0,26.66037736
2,0,0,1,0,0,0,0,0,0,0,0,0,0,26.66037736
2,0,0,1,0,1,0,0,1,0,0,0,0,0,26.66037736
2,0,0,0,0,0,0,1,0,1,0,0,1,0,8.50617284
2,1,1,0,1,0,0,0,0,0,0,0,0,0,8.481012658
2,0,1,0,0,0,0,0,1,1,0,0,0,0,26.66037736
2,1,1,1,0,0,0,0,0,0,0,0,0,0,15.6259542
2,0,1,0,0,0,0,0,0,0,1,0,0,0,15.6259542
2,0,1,1,0,1,0,0,0,0,0,0,0,0,26.66037736
3,1,0,0,0,1,0,0,1,0,0,0,0,0,28.59130435
2,1,0,0,0,0,0,0,0,0,1,0,0,0,26.66037736
2,0,0,1,0,0,1,0,0,1,0,0,0,0,6.295774648
3,1,0,0,0,0,0,0,1,0,1,0,0,0,8.50617284
2,1,0,0,0,1,0,0,0,0,1,0,0,0,6.295774648
1,0,1,0,0,0,1,1,0,0,0,0,0,0,8.481012658
2,0,0,0,0,1,0,0,1,0,0,0,1,0,26.66037736
2,0,1,0,0,0,1,0,1,0,0,0,0,0,26.66037736
3,0,0,0,0,0,1,0,1,0,1,0,0,0,26.66037736
2,0,0,0,0,0,0,0,0,1,0,0,0,0,10.8220339
2,0,1,1,0,0,1,0,0,0,0,0,0,0,26.66037736
2,0,0,1,0,0,0,0,0,0,0,0,0,0,26.66037736
3,0,0,1,0,0,1,0,1,0,0,0,0,0,8.481012658
2,1,0,0,0,0,0,1,1,0,0,0,0,0,8.481012658
2,0,0,1,1,0,0,1,0,0,0,0,0,0,26.66037736
3,0,0,1,0,0,1,0,1,0,0,0,0,0,26.66037736
2,1,0,0,1,0,0,0,1,0,0,0,0,0,26.66037736
1,0,0,1,0,0,0,0,0,1,0,0,1,0,25.02666667
2,1,0,0,0,0,0,1,0,0,1,0,0,0,26.66037736
2,0,0,1,0,0,0,0,0,0,0,0,0,0,15.6259542
2,0,1,0,0,1,0,0,0,0,0,0,0,0,26.66037736
2,0,0,1,0,0,1,0,0,0,1,0,0,0,26.66037736
2,0,1,0,0,0,0,1,0,0,0,0,1,0,26.66037736
2,0,1,1,0,0,0,0,0,0,0,0,1,0,26.66037736
2,0,0,1,0,0,0,1,0,0,0,0,0,0,26.66037736
3,0,1,1,0,0,0,0,0,0,0,0,1,0,8.481012658
2,1,1,0,0,0,0,0,1,0,0,0,0,0,26.66037736
2,1,0,0,0,0,0,1,0,1,0,0,0,0,26.66037736
3,0,0,1,0,1,0,0,1,0,0,0,0,0,26.66037736
2,1,0,1,0,1,0,0,0,0,0,0,0,0,26.66037736
2,0,1,0,0,1,0,0,0,0,0,1,0,0,26.66037736
2,1,0,0,0,0,0,1,0,0,0,1,0,0,26.66037736
2,0,1,0,0,1,0,1,0,0,0,0,0,0,26.66037736
2,0,0,0,0,1,1,0,1,0,0,0,0,0,26.66037736
3,0,1,0,1,1,0,0,0,0,0,0,0,0,26.66037736
2,0,1,0,0,0,0,0,1,0,0,1,0,0,26.66037736
2,0,0,0,0,0,0,0,0,1,0,1,0,0,26.66037736
2,1,1,0,0,1,0,0,0,0,0,0,0,0,26.66037736
2,0,0,1,0,0,0,1,0,1,0,0,0,0,26.66037736
2,0,0,0,0,1,0,1,0,1,0,0,0,0,26.66037736
2,0,0,0,0,1,0,0,1,1,0,0,0,0,26.66037736
2,0,0,0,0,1,0,1,1,0,0,0,0,0,26.66037736
2,1,0,0,0,0,1,0,0,0,0,0,0,0,26.66037736
2,0,1,0,0,0,1,0,0,1,0,0,0,0,26.66037736
2,1,0,0,1,0,0,0,1,0,0,0,0,0,26.66037736
3,0,0,1,0,0,0,0,0,1,0,0,0,0,26.66037736
1,0,0,1,0,0,0,0,0,1,0,0,1,0,26.66037736
2,0,0,0,1,0,0,0,1,0,0,0,0,0,26.66037736
2,0,0,0,0,1,0,1,1,0,0,0,0,0,26.66037736
2,0,1,0,1,0,1,0,0,0,0,0,0,0,26.66037736
2,1,0,0,0,0,0,0,0,0,0,0,1,0,26.66037736
2,0,0,0,0,1,0,1,0,0,1,0,0,0,26.66037736
1,0,0,1,0,0,1,0,0,0,0,0,0,0,26.66037736
2,0,0,0,0,0,1,1,0,0,0,0,0,0,26.66037736
2,0,1,1,1,0,0,0,0,0,0,0,0,0,26.66037736
2,1,1,0,0,0,1,0,0,0,0,0,0,0,26.66037736
2,0,0,1,1,0,1,0,0,0,0,0,0,0,26.66037736
2,0,0,0,0,1,0,1,1,0,0,0,0,0,26.66037736
2,1,0,0,0,0,0,1,1,0,0,0,0,0,26.66037736
3,0,1,0,0,0,0,0,1,1,0,0,0,0,26.66037736
3,0,0,1,1,0,0,1,0,0,0,0,0,0,26.66037736
2,0,1,0,0,1,0,0,1,0,0,0,0,0,26.66037736
3,0,0,1,1,1,0,0,0,0,0,0,0,0,6.687943262
3,0,0,1,0,1,0,1,0,0,0,0,0,0,6.687943262
3,1,0,0,0,0,1,0,0,1,0,0,0,0,6.687943262
2,1,1,0,1,0,0,0,0,0,0,0,0,0,6.687943262
2,0,0,1,0,0,0,0,0,0,0,0,0,0,6.687943262
2,0,0,0,0,0,1,1,1,0,0,0,0,0,6.687943262
2,0,1,0,1,0,0,0,0,0,0,0,0,0,6.687943262
1,0,1,1,0,0,0,0,0,0,0,0,1,0,6.687943262
2,1,0,0,0,1,0,0,1,0,0,0,0,0,6.687943262
2,0,0,1,0,0,0,1,0,0,0,1,0,0,6.687943262
2,0,0,1,0,0,0,1,1,0,0,0,0,0,6.687943262
1,0,0,0,0,1,0,1,0,0,0,0,0,0,6.687943262
3,1,0,1,0,0,0,0,0,0,0,0,0,0,6.687943262
3,1,0,0,0,0,0,0,0,0,0,0,0,0,6.687943262
2,0,1,1,0,0,0,0,1,0,0,0,0,0,6.687943262
2,0,0,1,0,0,1,0,1,0,0,0,0,0,6.687943262
2,0,0,1,0,1,0,0,1,0,0,0,0,0,6.687943262
2,0,1,1,0,1,0,0,0,0,0,0,0,0,6.687943262
3,1,1,0,0,0,1,0,0,0,0,0,0,0,6.687943262
2,0,1,0,0,0,1,1,0,0,0,0,0,0,6.687943262
3,0,0,1,0,0,0,1,0,1,0,0,0,0,6.687943262
2,1,0,0,1,0,0,0,0,1,0,0,0,0,6.687943262
2,1,1,0,1,0,0,0,0,0,0,0,0,0,6.687943262
3,0,1,0,0,0,0,0,0,0,0,1,1,0,6.687943262
2,0,0,0,1,0,1,0,0,0,0,0,0,0,6.687943262
2,0,0,0,0,1,0,0,1,0,0,0,0,0,6.687943262
3,0,0,0,0,0,0,1,1,0,0,0,0,0,6.687943262
2,1,0,0,0,1,0,0,1,0,0,0,0,0,6.687943262
3,1,1,0,0,0,0,0,1,0,0,0,0,0,6.687943262
3,1,0,0,0,0,1,0,0,1,0,0,0,0,6.687943262
2,0,0,1,0,0,1,0,1,0,0,0,0,0,6.687943262
3,1,0,0,0,1,0,1,0,0,0,0,0,0,6.687943262
2,0,1,1,0,0,0,0,1,0,0,0,0,0,6.687943262
2,0,1,0,0,0,1,0,0,0,0,0,1,0,6.687943262
2,1,0,0,0,1,0,0,0,1,0,0,0,0,6.687943262
2,0,0,0,1,0,0,0,1,0,0,0,1,0,6.687943262
2,0,1,0,0,0,1,0,0,0,0,0,0,0,6.687943262
1,1,1,1,0,0,0,0,0,0,0,0,0,0,6.687943262
2,0,0,0,1,0,0,1,0,0,0,0,0,0,6.687943262
2,0,1,0,0,0,1,0,1,0,0,0,0,0,6.687943262
2,0,0,0,0,1,0,0,0,0,0,0,0,0,6.687943262
2,0,1,1,0,0,0,0,1,0,0,0,0,0,6.687943262
3,0,0,0,0,1,0,0,1,0,0,0,1,0,6.687943262
2,0,0,0,1,0,0,0,0,1,0,1,0,0,6.687943262
